MinTemp,MaxTemp,Rainfall,Evaporation,Sunshine,Humidity9am,Humidity3pm,Pressure9am,Pressure3pm,Cloud9am,Cloud3pm,Temp9am,Temp3pm,RISK_MM,WindGustDir,Angle,WindGustDirSine,WindGustDirCose,WindGustSpeed,WindDir9am,Angle,WindDir9amSine,WindDir9amCose,WindSpeed9am,WindDir3pm,Angle,WindDir3pmSine,WindDir3pmCose,WindSpeed3pm,RainToday,RainTomorrow
8,24.3,0,3.4,6.3,68,29,1019.7,1015,7,7,14.4,23.6,3.6,NW,337.5,-0.382683432,0.923879533,30,SW,247.5,-0.923879533,-0.382683432,6,NW,337.5,-0.382683432,0.923879533,20,0,1
14,26.9,3.6,4.4,9.7,80,36,1012.4,1008.4,5,3,17.5,25.7,3.6,ENE,90,1,6.12574E-17,39,E,112.5,0.923879533,-0.382683432,4,W,292.5,-0.923879533,0.382683432,17,1,1
13.7,23.4,3.6,5.8,3.3,82,69,1009.5,1007.2,8,7,15.4,20.2,39.8,NW,337.5,-0.382683432,0.923879533,85,N,22.5,0.382683432,0.923879533,6,NNE,45,0.707106781,0.707106781,6,1,1
13.3,15.5,39.8,7.2,9.1,62,56,1005.5,1007,2,7,13.5,14.1,2.8,NW,337.5,-0.382683432,0.923879533,54,WNW,315,-0.707106781,0.707106781,30,W,292.5,-0.923879533,0.382683432,24,1,1
7.6,16.1,2.8,5.6,10.6,68,49,1018.3,1018.5,7,7,11.1,15.4,0,SSE,180,1.22515E-16,-1,50,SSE,180,1.22515E-16,-1,20,ESE,135,0.707106781,-0.707106781,28,1,0
6.2,16.9,0,5.8,8.2,70,57,1023.8,1021.7,7,5,10.9,14.8,0.2,SE,157.5,0.382683432,-0.923879533,44,SE,157.5,0.382683432,-0.923879533,20,E,112.5,0.923879533,-0.382683432,24,0,0
6.1,18.2,0.2,4.2,8.4,63,47,1024.6,1022.2,4,6,12.4,17.3,0,SE,157.5,0.382683432,-0.923879533,43,SE,157.5,0.382683432,-0.923879533,19,ESE,135,0.707106781,-0.707106781,26,0,0
8.3,17,0,5.6,4.6,65,57,1026.2,1024.2,6,7,12.1,15.5,0,E,112.5,0.923879533,-0.382683432,41,SE,157.5,0.382683432,-0.923879533,11,E,112.5,0.923879533,-0.382683432,24,0,0
8.8,19.5,0,4,4.1,70,48,1026.1,1022.7,7,7,14.1,18.9,16.2,S,202.5,-0.382683432,-0.923879533,48,E,112.5,0.923879533,-0.382683432,19,ENE,90,1,6.12574E-17,17,0,1
8.4,22.8,16.2,5.4,7.7,82,32,1024.1,1020.7,7,1,13.3,21.7,0,E,112.5,0.923879533,-0.382683432,31,S,202.5,-0.382683432,-0.923879533,7,ESE,135,0.707106781,-0.707106781,6,1,0
9.1,25.2,0,4.2,11.9,74,34,1024.4,1021.1,1,2,14.6,24,0.2,N,22.5,0.382683432,0.923879533,30,SE,157.5,0.382683432,-0.923879533,6,NW,337.5,-0.382683432,0.923879533,9,0,0
8.5,27.3,0.2,7.2,12.5,54,35,1023.8,1019.9,0,3,16.8,26,0,E,112.5,0.923879533,-0.382683432,41,E,112.5,0.923879533,-0.382683432,2,NW,337.5,-0.382683432,0.923879533,15,0,0
10.1,27.9,0,7.2,13,62,29,1022,1017.1,0,1,17,27.1,0,WNW,315,-0.707106781,0.707106781,30,S,202.5,-0.382683432,-0.923879533,6,NW,337.5,-0.382683432,0.923879533,7,0,0
12.1,30.9,0,6.2,12.4,67,20,1017.3,1013.1,1,4,19.7,30.7,0,NW,337.5,-0.382683432,0.923879533,44,WNW,315,-0.707106781,0.707106781,7,W,292.5,-0.923879533,0.382683432,20,0,0
10.1,31.2,0,8.8,13.1,45,16,1018.2,1013.7,0,1,18.7,30.4,0,NW,337.5,-0.382683432,0.923879533,41,S,202.5,-0.382683432,-0.923879533,6,W,292.5,-0.923879533,0.382683432,20,0,0
12.4,32.1,0,8.4,11.1,70,22,1017.9,1012.8,0,3,19.1,30.7,0,E,112.5,0.923879533,-0.382683432,46,SE,157.5,0.382683432,-0.923879533,7,WSW,270,-1,-1.83772E-16,9,0,0
13.8,31.2,0,7.2,8.4,72,23,1014.4,1009.8,7,6,20.2,29.8,1.2,ESE,135,0.707106781,-0.707106781,44,WSW,270,-1,-1.83772E-16,6,W,292.5,-0.923879533,0.382683432,19,0,1
11.7,30,1.2,7.2,10.1,59,26,1016.4,1013,1,5,20.1,28.6,0.6,S,202.5,-0.382683432,-0.923879533,52,SW,247.5,-0.923879533,-0.382683432,6,NE,67.5,0.923879533,0.382683432,11,1,0
12.4,32.3,0.6,7.4,13,60,25,1017.1,1013.3,1,3,20.2,31.2,0,E,112.5,0.923879533,-0.382683432,39,NNE,45,0.707106781,0.707106781,4,W,292.5,-0.923879533,0.382683432,17,0,0
15.6,33.4,0,8,10.4,61,27,1018.5,1013.7,0,1,22.8,32,0,NE,67.5,0.923879533,0.382683432,33,NNW,360,-2.4503E-16,1,2,NNW,360,-2.4503E-16,1,13,0,0
15.3,33.4,0,8.8,9.5,60,26,1012.4,1006.5,1,5,22.2,32.8,0.4,WNW,315,-0.707106781,0.707106781,59,N,22.5,0.382683432,0.923879533,2,NW,337.5,-0.382683432,0.923879533,31,0,0
16.4,19.4,0.4,9.2,0,88,72,1010.7,1008.9,8,8,16.5,18.3,25.8,E,112.5,0.923879533,-0.382683432,26,ENE,90,1,6.12574E-17,6,E,112.5,0.923879533,-0.382683432,11,0,1
12.8,18.5,25.8,2.8,0.6,91,79,1014,1014.9,8,8,14,16.8,0.4,ESE,135,0.707106781,-0.707106781,28,S,202.5,-0.382683432,-0.923879533,13,SE,157.5,0.382683432,-0.923879533,13,1,0
12,24.3,0.4,1.2,7.5,74,57,1020.7,1019.2,7,5,17.8,22.8,0,NNE,45,0.707106781,0.707106781,26,WSW,270,-1,-1.83772E-16,6,NE,67.5,0.923879533,0.382683432,9,0,0
15.4,28.4,0,4.4,8.1,85,31,1022.4,1018.6,8,2,16.8,27.3,0,ENE,90,1,6.12574E-17,33,SSE,180,1.22515E-16,-1,9,NE,67.5,0.923879533,0.382683432,15,0,0
15.6,26.9,0,6.8,8.9,65,48,1019.7,1016.5,2,4,19.8,25.1,0.2,E,112.5,0.923879533,-0.382683432,41,E,112.5,0.923879533,-0.382683432,6,E,112.5,0.923879533,-0.382683432,22,0,0
13.3,22.2,0.2,6.6,2.3,70,55,1021,1018.6,7,7,16.5,21.2,0,ENE,90,1,6.12574E-17,39,E,112.5,0.923879533,-0.382683432,20,E,112.5,0.923879533,-0.382683432,17,0,0
12.9,28,0,4.4,10.7,61,31,1019.2,1014.8,5,7,18.8,26.7,0,S,202.5,-0.382683432,-0.923879533,52,S,202.5,-0.382683432,-0.923879533,6,NNE,45,0.707106781,0.707106781,11,0,0
15.1,24.3,0,7,0.4,69,80,1019,1017.1,7,7,18.9,19.7,0.4,SE,157.5,0.382683432,-0.923879533,39,SE,157.5,0.382683432,-0.923879533,7,SE,157.5,0.382683432,-0.923879533,17,0,0
13.6,24.1,0.4,2.6,0.5,83,49,1017.2,1013.3,8,7,17.3,23.2,22.6,NNW,360,-2.4503E-16,1,30,SSW,225,-0.707106781,-0.707106781,6,S,202.5,-0.382683432,-0.923879533,6,0,1
15.1,20.4,22.6,2.4,0.2,82,90,1015,1014.1,8,8,17,16.3,4.2,SSE,180,1.22515E-16,-1,41,E,112.5,0.923879533,-0.382683432,6,S,202.5,-0.382683432,-0.923879533,20,1,1
11.6,26.3,4.2,1.6,12,66,46,1013.9,1009.5,2,2,16.7,25.2,0.2,NNE,45,0.707106781,0.707106781,41,E,112.5,0.923879533,-0.382683432,6,SW,247.5,-0.923879533,-0.382683432,9,1,0
16.6,24.2,0.2,6.6,4.7,72,60,1007.9,1004.6,7,7,20.5,19.9,6.6,NW,337.5,-0.382683432,0.923879533,50,WNW,315,-0.707106781,0.707106781,13,NW,337.5,-0.382683432,0.923879533,35,0,1
13.3,26.5,6.6,3.8,11.8,74,40,1007.3,1006.3,5,2,18.8,25.1,0,NW,337.5,-0.382683432,0.923879533,50,NW,337.5,-0.382683432,0.923879533,20,WNW,315,-0.707106781,0.707106781,26,1,0
14.5,21.8,0,8.4,9.8,69,63,1015,1015.3,7,1,18.6,20.5,0,ENE,90,1,6.12574E-17,43,ESE,135,0.707106781,-0.707106781,11,E,112.5,0.923879533,-0.382683432,30,0,0
16.3,26.8,0,6,6.3,78,54,1018.8,1016.1,8,7,18.6,24.5,0,ENE,90,1,6.12574E-17,39,ESE,135,0.707106781,-0.707106781,13,ESE,135,0.707106781,-0.707106781,9,0,0
17.2,25.8,0,4.2,8.8,70,74,1014.5,1011.5,6,7,21.5,22.6,4,SW,247.5,-0.923879533,-0.382683432,41,NW,337.5,-0.382683432,0.923879533,6,N,22.5,0.382683432,0.923879533,6,0,1
16.5,28.2,4,4.2,8.8,76,42,1014.8,1011.4,8,1,18,26.3,0,NE,67.5,0.923879533,0.382683432,39,E,112.5,0.923879533,-0.382683432,7,N,22.5,0.382683432,0.923879533,13,1,0
15,29.4,0,6.6,11.1,78,24,1010.8,1008.5,7,7,20.6,28.6,0,NW,337.5,-0.382683432,0.923879533,43,N,22.5,0.382683432,0.923879533,9,W,292.5,-0.923879533,0.382683432,24,0,0
14.9,24.8,0,10.4,10,58,37,1011.7,1010.4,7,7,19.3,22.9,0.6,NNW,360,-2.4503E-16,1,35,NNE,45,0.707106781,0.707106781,11,WNW,315,-0.707106781,0.707106781,6,0,0
11.8,18.5,0.6,4.8,2.3,60,63,1018,1017.4,8,6,13.8,16.4,0,ENE,90,1,6.12574E-17,35,ESE,135,0.707106781,-0.707106781,9,E,112.5,0.923879533,-0.382683432,15,0,0
11.7,21.5,0,4.2,7.3,66,51,1021.1,1019.6,7,5,15.7,19.4,0,ENE,90,1,6.12574E-17,41,ESE,135,0.707106781,-0.707106781,15,E,112.5,0.923879533,-0.382683432,24,0,0
9.6,20.3,0,5,3.6,70,49,1021.9,1019.3,7,7,15.8,19.2,0,SE,157.5,0.382683432,-0.923879533,39,ESE,135,0.707106781,-0.707106781,22,E,112.5,0.923879533,-0.382683432,20,0,0
8.9,27.1,0,4.4,12.7,63,37,1018.1,1012.5,1,2,15.8,25,0,E,112.5,0.923879533,-0.382683432,35,NNW,360,-2.4503E-16,1,6,N,22.5,0.382683432,0.923879533,11,0,0
10.1,29.9,0,6.8,8.8,63,36,1012.6,1010.2,1,8,17.4,29.1,5.4,E,112.5,0.923879533,-0.382683432,41,SE,157.5,0.382683432,-0.923879533,2,WNW,315,-0.707106781,0.707106781,13,0,1
15.5,21.1,5.4,6.4,0.9,93,86,1010.1,1008.6,8,8,16.6,20,1.4,S,202.5,-0.382683432,-0.923879533,31,SSE,180,1.22515E-16,-1,6,NE,67.5,0.923879533,0.382683432,7,1,1
10.8,21.7,1.4,2.8,10.6,59,40,1017.6,1016.8,1,4,15.3,20.8,0,ESE,135,0.707106781,-0.707106781,48,SSE,180,1.22515E-16,-1,13,ESE,135,0.707106781,-0.707106781,20,1,0
7.5,20.9,0,6.6,8.7,61,43,1020.6,1018.3,6,7,15.3,19.8,0,ENE,90,1,6.12574E-17,39,SE,157.5,0.382683432,-0.923879533,13,E,112.5,0.923879533,-0.382683432,20,0,0
12.8,21,0,6.4,0.8,72,54,1018,1015.6,8,8,16.1,20,3.4,NE,67.5,0.923879533,0.382683432,22,NE,67.5,0.923879533,0.382683432,7,ENE,90,1,6.12574E-17,6,0,1
12.6,23.1,3.4,1.6,2.3,97,74,1015.8,1014.1,8,7,15.3,20.4,6.4,NNW,360,-2.4503E-16,1,30,N,22.5,0.382683432,0.923879533,4,NW,337.5,-0.382683432,0.923879533,13,1,1
14.8,29.5,6.4,1.8,8.1,81,48,1012.9,1008.3,2,7,21,28.2,11,N,22.5,0.382683432,0.923879533,41,NW,337.5,-0.382683432,0.923879533,6,NW,337.5,-0.382683432,0.923879533,22,1,1
19.9,22,11,4.4,5.9,92,62,996.5,996.8,8,3,20.6,19.6,17.4,NNW,360,-2.4503E-16,1,76,N,22.5,0.382683432,0.923879533,41,WNW,315,-0.707106781,0.707106781,30,1,1
9.2,20.4,17.4,7.8,10.2,59,49,1009.5,1009.1,1,7,14.9,18.8,0,ENE,90,1,6.12574E-17,39,N,22.5,0.382683432,0.923879533,9,N,22.5,0.382683432,0.923879533,20,1,0
12.4,24.4,0,6.2,12.1,69,43,1012.8,1009.7,6,4,15,22.5,3.4,NW,337.5,-0.382683432,0.923879533,44,NNW,360,-2.4503E-16,1,7,WNW,315,-0.707106781,0.707106781,13,0,1
11.3,21.7,3.4,8.2,5.6,67,52,1020.4,1019.1,8,3,12.4,21,0,E,112.5,0.923879533,-0.382683432,41,SE,157.5,0.382683432,-0.923879533,11,NE,67.5,0.923879533,0.382683432,11,1,0
9.8,26.3,0,5.2,13,63,35,1023.2,1018,1,1,15.3,23.9,0,NNW,360,-2.4503E-16,1,41,W,292.5,-0.923879533,0.382683432,6,NNW,360,-2.4503E-16,1,19,0,0
14.3,26.7,0,7.2,7.1,68,64,1017.3,1014.3,7,7,19.8,19,14.4,NNW,360,-2.4503E-16,1,65,N,22.5,0.382683432,0.923879533,7,NNW,360,-2.4503E-16,1,48,0,1
15.1,28.3,14.4,8.8,13.2,73,44,1016.8,1013.4,1,5,18.3,27.4,0,NNW,360,-2.4503E-16,1,28,NNW,360,-2.4503E-16,1,6,NW,337.5,-0.382683432,0.923879533,13,1,0
14.4,31.6,0,6.6,13.6,65,30,1017.1,1014.2,0,2,21.5,30.3,0,NNW,360,-2.4503E-16,1,30,NW,337.5,-0.382683432,0.923879533,6,N,22.5,0.382683432,0.923879533,7,0,0
15.4,35,0,9.6,13,55,18,1017.4,1015,1,1,23.4,34.3,0,E,112.5,0.923879533,-0.382683432,39,SSW,225,-0.707106781,-0.707106781,6,ESE,135,0.707106781,-0.707106781,22,0,0
13.8,33.5,0,11.4,13.6,44,20,1019.2,1015.6,0,1,21.9,32.2,0,NE,67.5,0.923879533,0.382683432,31,SSE,180,1.22515E-16,-1,7,NE,67.5,0.923879533,0.382683432,9,0,0
13.6,34.2,0,8.8,12.8,50,20,1015.8,1011.6,7,6,21.9,31.8,0,NNE,45,0.707106781,0.707106781,35,ESE,135,0.707106781,-0.707106781,2,W,292.5,-0.923879533,0.382683432,11,0,0
14.3,35,0,7.6,10.5,43,14,1012.6,1008.7,0,1,23,33.6,0,ESE,135,0.707106781,-0.707106781,41,ESE,135,0.707106781,-0.707106781,2,WSW,270,-1,-1.83772E-16,9,0,0
15.9,23.4,0,12.6,2.2,69,55,1016.8,1016.3,8,7,19.2,22.3,0,ESE,135,0.707106781,-0.707106781,50,ESE,135,0.707106781,-0.707106781,20,ESE,135,0.707106781,-0.707106781,24,0,0
16.7,25.3,0,6.2,12.5,56,45,1016.2,1013,6,7,20.3,23.9,0,ESE,135,0.707106781,-0.707106781,46,ESE,135,0.707106781,-0.707106781,24,ESE,135,0.707106781,-0.707106781,26,0,0
12.1,27.5,0,7.4,11.7,69,40,1011.8,1007.4,7,2,18.6,26.8,0,NE,67.5,0.923879533,0.382683432,35,SSE,180,1.22515E-16,-1,7,E,112.5,0.923879533,-0.382683432,15,0,0
14.3,34.1,0,6.6,10.5,77,34,1006.6,1003.3,1,1,18.9,31.9,0,ENE,90,1,6.12574E-17,39,W,292.5,-0.923879533,0.382683432,6,NNW,360,-2.4503E-16,1,19,0,0
16.5,33.9,0,9,12.6,60,36,1012.3,1009.5,1,1,20.8,31.3,0,ENE,90,1,6.12574E-17,39,E,112.5,0.923879533,-0.382683432,11,NW,337.5,-0.382683432,0.923879533,11,0,0
16.5,30.3,0,10,8.1,77,44,1015.7,1013.4,7,1,18.1,28,0,E,112.5,0.923879533,-0.382683432,46,E,112.5,0.923879533,-0.382683432,7,N,22.5,0.382683432,0.923879533,9,0,0
17.5,29.9,0,6.6,8.8,74,45,1018.5,1015.9,8,1,19.3,27.9,0,E,112.5,0.923879533,-0.382683432,43,E,112.5,0.923879533,-0.382683432,13,ENE,90,1,6.12574E-17,11,0,0
14.7,34.2,0,6.6,12.8,64,25,1017.8,1013.3,1,1,21.3,32.2,0,NE,67.5,0.923879533,0.382683432,33,WNW,315,-0.707106781,0.707106781,6,NW,337.5,-0.382683432,0.923879533,11,0,0
17.5,35.8,0,9.4,13.3,56,24,1011.8,1006.5,0,1,24.7,34.5,0,SSE,180,1.22515E-16,-1,57,NNW,360,-2.4503E-16,1,6,NW,337.5,-0.382683432,0.923879533,19,0,0
20.9,35.7,0,13.8,6.9,61,28,1007.6,1003,7,2,23.6,34,2,SW,247.5,-0.923879533,-0.382683432,50,E,112.5,0.923879533,-0.382683432,4,WNW,315,-0.707106781,0.707106781,17,0,1
17,33.8,2,9,13.5,65,35,1004,1001.8,2,3,23,31.8,0,WNW,315,-0.707106781,0.707106781,52,NNW,360,-2.4503E-16,1,6,W,292.5,-0.923879533,0.382683432,24,1,0
16,22.8,0,12.4,6,70,57,1012.3,1012.3,8,6,17,21.6,0,E,112.5,0.923879533,-0.382683432,50,E,112.5,0.923879533,-0.382683432,13,ENE,90,1,6.12574E-17,19,0,0
15.4,33.8,0,5.2,11.1,70,26,1014.2,1009,7,1,18,31.7,0,W,292.5,-0.923879533,0.382683432,35,E,112.5,0.923879533,-0.382683432,7,NW,337.5,-0.382683432,0.923879533,15,0,0
17.9,33.2,0,10.4,8.4,58,62,1008.5,1006.1,6,7,24.5,23.5,4.8,N,22.5,0.382683432,0.923879533,59,N,22.5,0.382683432,0.923879533,15,NNE,45,0.707106781,0.707106781,20,0,1
15.2,25.1,4.8,6.4,11.6,62,42,1016.8,1015,1,1,17.1,23.9,0,E,112.5,0.923879533,-0.382683432,46,ESE,135,0.707106781,-0.707106781,20,ESE,135,0.707106781,-0.707106781,28,1,0
15.1,20.4,0,9.6,0.1,63,55,1017.5,1015.8,8,8,17.8,19.4,18.8,ESE,135,0.707106781,-0.707106781,39,ESE,135,0.707106781,-0.707106781,17,ESE,135,0.707106781,-0.707106781,19,0,1
15.3,19.6,18.8,5,0,92,88,1008.7,1006,8,8,18,18.6,12.2,NE,67.5,0.923879533,0.382683432,33,SSE,180,1.22515E-16,-1,9,NNE,45,0.707106781,0.707106781,13,1,1
17.2,24.7,12.2,1.4,8.1,80,71,1004.9,1004,7,8,19.4,21.9,0.8,NW,337.5,-0.382683432,0.923879533,50,NW,337.5,-0.382683432,0.923879533,19,WNW,315,-0.707106781,0.707106781,28,1,0
15.9,19.9,0.8,5.6,1.6,73,58,1011.4,1012.1,8,7,17.4,18.6,0,E,112.5,0.923879533,-0.382683432,48,SSE,180,1.22515E-16,-1,17,ESE,135,0.707106781,-0.707106781,22,0,0
10,22.5,0,4.4,11.6,55,46,1018.7,1016.8,1,2,14.7,22.2,0,E,112.5,0.923879533,-0.382683432,33,SE,157.5,0.382683432,-0.923879533,11,S,202.5,-0.382683432,-0.923879533,7,0,0
9.9,24.4,0,5.8,10.8,60,38,1021.6,1019.2,1,4,16.2,22.7,0,NE,67.5,0.923879533,0.382683432,28,SE,157.5,0.382683432,-0.923879533,7,E,112.5,0.923879533,-0.382683432,7,0,0
10.3,27.8,0,6.4,9.9,64,29,1021.3,1018.1,3,6,17,26.3,0,ENE,90,1,6.12574E-17,35,SE,157.5,0.382683432,-0.923879533,6,NE,67.5,0.923879533,0.382683432,11,0,0
15.4,25.7,0,6.8,8.2,67,32,1020.1,1016.9,7,7,17.6,24.6,0,E,112.5,0.923879533,-0.382683432,41,E,112.5,0.923879533,-0.382683432,9,NE,67.5,0.923879533,0.382683432,17,0,0
12.7,28.8,0,7.4,9,70,28,1016.5,1012.4,1,5,18.3,28.3,0,NNE,45,0.707106781,0.707106781,28,NW,337.5,-0.382683432,0.923879533,4,SSW,225,-0.707106781,-0.707106781,7,0,0
13.2,31.3,0,6.6,11.6,71,28,1013.1,1009.5,1,4,19.7,30.7,0,WSW,270,-1,-1.83772E-16,46,N,22.5,0.382683432,0.923879533,4,WNW,315,-0.707106781,0.707106781,26,0,0
15.3,33.2,0,9.4,13.2,60,18,1013.9,1012,0,1,22.4,32.1,0,NNW,360,-2.4503E-16,1,44,NNE,45,0.707106781,0.707106781,4,NW,337.5,-0.382683432,0.923879533,24,0,0
17.9,33.9,0,10.4,11.8,72,22,1017.4,1014.6,1,1,19.8,32.3,0,ENE,90,1,6.12574E-17,46,S,202.5,-0.382683432,-0.923879533,6,W,292.5,-0.923879533,0.382683432,11,0,0
18,34.9,0,9.2,9.9,68,29,1018,1013.7,1,6,22.2,33.1,5.2,NW,337.5,-0.382683432,0.923879533,69,N,22.5,0.382683432,0.923879533,6,W,292.5,-0.923879533,0.382683432,13,0,1
17.6,27.8,5.2,10.2,3.6,66,49,1014.6,1012.8,7,8,21.4,26.3,2.2,ESE,135,0.707106781,-0.707106781,39,N,22.5,0.382683432,0.923879533,13,NNW,360,-2.4503E-16,1,13,1,1
16,23.8,2.2,5.4,6.2,73,49,1018.9,1017.1,8,7,16.5,22.9,0,SSE,180,1.22515E-16,-1,30,SE,157.5,0.382683432,-0.923879533,11,ESE,135,0.707106781,-0.707106781,11,1,0
14.9,28.8,0,5.8,8.1,71,44,1018.2,1014.5,7,2,19.1,27,0,NNE,45,0.707106781,0.707106781,30,SSE,180,1.22515E-16,-1,7,NNE,45,0.707106781,0.707106781,11,0,0
17.1,29.6,0,5.8,9.2,67,38,1016.7,1012.8,6,7,21.7,29.1,1.8,E,112.5,0.923879533,-0.382683432,48,SE,157.5,0.382683432,-0.923879533,9,ESE,135,0.707106781,-0.707106781,17,0,1
18.2,22.6,1.8,8,0,92,76,1014.4,1011.5,8,8,18.5,22.1,9,ENE,90,1,6.12574E-17,33,SSE,180,1.22515E-16,-1,7,ENE,90,1,6.12574E-17,13,1,1
16.8,22.8,9,2.8,0.3,88,71,1010,1007.8,8,8,18.4,21.5,1,ESE,135,0.707106781,-0.707106781,30,S,202.5,-0.382683432,-0.923879533,7,SSE,180,1.22515E-16,-1,11,1,0
13.6,27.4,1,2.8,8,77,41,1002.1,997.5,4,7,18.7,26.5,0,W,292.5,-0.923879533,0.382683432,52,NW,337.5,-0.382683432,0.923879533,6,WNW,315,-0.707106781,0.707106781,24,0,0
14.5,24.2,0,6.8,5.9,76,76,999.4,998.9,7,7,17.9,20.3,16.2,SSW,225,-0.707106781,-0.707106781,61,N,22.5,0.382683432,0.923879533,11,NNW,360,-2.4503E-16,1,20,0,1
12.4,19.9,16.2,5.4,5.6,75,58,1007.6,1005,7,7,13.6,18.7,0,ENE,90,1,6.12574E-17,41,ESE,135,0.707106781,-0.707106781,7,ESE,135,0.707106781,-0.707106781,20,1,0
10.4,20.9,0,4,8.9,65,51,1007.7,1006.8,6,6,13.8,18.7,0,SSE,180,1.22515E-16,-1,33,S,202.5,-0.382683432,-0.923879533,15,S,202.5,-0.382683432,-0.923879533,17,0,0
9.1,23.1,0,5.8,9.6,66,37,1013.6,1011.4,1,7,14,21.4,0,ENE,90,1,6.12574E-17,41,SSE,180,1.22515E-16,-1,17,W,292.5,-0.923879533,0.382683432,13,0,0
8.9,26,0,5,10.7,74,34,1016.1,1011.7,1,5,14.6,24.2,4.4,NE,67.5,0.923879533,0.382683432,31,SE,157.5,0.382683432,-0.923879533,7,NE,67.5,0.923879533,0.382683432,13,0,1
14.5,24.2,4.4,6.6,5.9,95,60,1010.8,1006.8,8,5,15.8,22.6,11,W,292.5,-0.923879533,0.382683432,48,NNW,360,-2.4503E-16,1,9,WNW,315,-0.707106781,0.707106781,17,1,1
12.6,18.2,11,3.2,0.4,81,73,1010,1011,7,8,16.3,16.8,0.2,ENE,90,1,6.12574E-17,30,SSE,180,1.22515E-16,-1,13,SSE,180,1.22515E-16,-1,15,1,0
8.6,24.2,0.2,2.8,12.7,63,37,1017.5,1015.1,1,1,13.7,22,0,E,112.5,0.923879533,-0.382683432,33,S,202.5,-0.382683432,-0.923879533,11,SE,157.5,0.382683432,-0.923879533,9,0,0
10.8,25.2,0,5.6,12.6,69,32,1020.2,1016.7,1,1,15,24.3,0,ENE,90,1,6.12574E-17,35,SE,157.5,0.382683432,-0.923879533,7,E,112.5,0.923879533,-0.382683432,7,0,0
11.2,26.1,0,7.2,12.6,71,40,1022.9,1020,1,1,15.3,24.7,0,ENE,90,1,6.12574E-17,39,SE,157.5,0.382683432,-0.923879533,7,E,112.5,0.923879533,-0.382683432,19,0,0
12.1,24.1,0,7.4,10.2,64,46,1025.2,1021.4,7,1,15.4,22.5,0,ENE,90,1,6.12574E-17,46,ESE,135,0.707106781,-0.707106781,9,NNE,45,0.707106781,0.707106781,13,0,0
10.8,25.8,0,6.8,11.7,72,42,1021.3,1017.4,5,4,17.2,24.1,0,E,112.5,0.923879533,-0.382683432,31,S,202.5,-0.382683432,-0.923879533,7,NNE,45,0.707106781,0.707106781,11,0,0
11.4,27.1,0,5.6,12.1,69,38,1017.6,1012.8,1,2,16.9,26.1,0,NE,67.5,0.923879533,0.382683432,33,ESE,135,0.707106781,-0.707106781,6,SE,157.5,0.382683432,-0.923879533,15,0,0
12,28.9,0,7.2,8.2,78,31,1012.2,1009.1,2,7,17.4,28.6,1.8,ESE,135,0.707106781,-0.707106781,39,SSE,180,1.22515E-16,-1,2,WNW,315,-0.707106781,0.707106781,9,0,1
16.3,24.8,1.8,7.8,3.8,88,56,1011.8,1008.4,7,7,17.5,24,6.6,S,202.5,-0.382683432,-0.923879533,50,NNW,360,-2.4503E-16,1,4,N,22.5,0.382683432,0.923879533,7,1,1
12.7,28.6,6.6,3.2,8.6,78,42,1008.3,1002.3,5,5,16.5,27.4,0,W,292.5,-0.923879533,0.382683432,50,WNW,315,-0.707106781,0.707106781,9.47,W,292.5,-0.923879533,0.382683432,28,1,0
12.7,25.1,0,7.8,12.4,57,32,1007.4,1005.4,1,1,15.7,24.5,0,NW,337.5,-0.382683432,0.923879533,46,WNW,315,-0.707106781,0.707106781,20,WNW,315,-0.707106781,0.707106781,26,0,0
12,23.8,0,10.4,12.4,54,34,1007.9,1007.2,0,1,15.1,22.9,0,NW,337.5,-0.382683432,0.923879533,44,NW,337.5,-0.382683432,0.923879533,15,WNW,315,-0.707106781,0.707106781,30,0,0
11.5,25.9,0,5.2,10.2,70,35,1016.4,1014.3,6,2,15.8,24.3,0,ENE,90,1,6.12574E-17,44,ENE,90,1,6.12574E-17,9,WSW,270,-1,-1.83772E-16,7,0,0
13,28.2,0,5,11.6,74,27,1017.6,1014.4,3,6,17.4,27,0,NW,337.5,-0.382683432,0.923879533,44,WSW,270,-1,-1.83772E-16,4,NW,337.5,-0.382683432,0.923879533,17,0,0
11.7,27.6,0,7.8,8.1,74,25,1013.6,1009.1,2,6,17.6,26.8,0,W,292.5,-0.923879533,0.382683432,48,ENE,90,1,6.12574E-17,9.47,W,292.5,-0.923879533,0.382683432,30,0,0
14.8,17.3,0,7.6,0.8,74,78,1010,1009.9,7,7,15.7,15.3,10.4,SSE,180,1.22515E-16,-1,48,S,202.5,-0.382683432,-0.923879533,13,SE,157.5,0.382683432,-0.923879533,13,0,1
7.7,18.4,10.4,5.2,12,58,34,1015.5,1014.5,5,1,10.6,16.8,0,S,202.5,-0.382683432,-0.923879533,48,S,202.5,-0.382683432,-0.923879533,24,S,202.5,-0.382683432,-0.923879533,17,1,0
4.4,21.8,0,6.2,12.1,60,31,1020.8,1019.3,1,1,11.7,20,0,S,202.5,-0.382683432,-0.923879533,35,SSE,180,1.22515E-16,-1,15,SSE,180,1.22515E-16,-1,15,0,0
7.4,24.4,0,6.2,11.6,65,37,1026.3,1023.2,0,2,12.2,22.1,0,E,112.5,0.923879533,-0.382683432,35,ESE,135,0.707106781,-0.707106781,7,WNW,315,-0.707106781,0.707106781,11,0,0
8.3,27.3,0,5.6,10.1,78,28,1025.4,1020.4,1,1,13.8,25.5,0,E,112.5,0.923879533,-0.382683432,35,ESE,135,0.707106781,-0.707106781,6,WNW,315,-0.707106781,0.707106781,9,0,0
10.1,28.2,0,6,7.3,72,28,1021.1,1018.2,1,7,15.6,27,0,ESE,135,0.707106781,-0.707106781,39,SSE,180,1.22515E-16,-1,6,WNW,315,-0.707106781,0.707106781,7,0,0
12,27.6,0,6,11,69,35,1025.5,1022.2,1,1,15.7,26.2,0,E,112.5,0.923879533,-0.382683432,46,SSE,180,1.22515E-16,-1,7,WSW,270,-1,-1.83772E-16,6,0,0
12.9,31.8,0,6,11.3,76,24,1023.9,1019.3,2,3,17.4,30,0,WSW,270,-1,-1.83772E-16,41,NNW,360,-2.4503E-16,1,6,NNE,45,0.707106781,0.707106781,9,0,0
10.8,29.2,0,8.4,7.5,56,34,1021.6,1017.7,0,7,17.5,27.7,3,E,112.5,0.923879533,-0.382683432,50,SSE,180,1.22515E-16,-1,9.47,ENE,90,1,6.12574E-17,9,0,1
9.5,27.4,3,4.8,11.5,79,39,1024.7,1020.7,1,7,14,24.9,0,NNW,360,-2.4503E-16,1,24,SSE,180,1.22515E-16,-1,6,NNW,360,-2.4503E-16,1,9,1,0
12.1,27.8,0,5,11.5,66,33,1024.8,1023.1,0,1,17.8,27,0,E,112.5,0.923879533,-0.382683432,41,SE,157.5,0.382683432,-0.923879533,7,NNE,45,0.707106781,0.707106781,11,0,0
12.5,31.7,0,6.6,11.2,74,28,1024.9,1020.4,1,1,17.2,30.1,0,WNW,315,-0.707106781,0.707106781,24,ENE,90,1,6.12574E-17,6,W,292.5,-0.923879533,0.382683432,9,0,0
13.9,34.7,0,6.4,8.5,50,18,1022.8,1019.3,0,3,20.2,32.7,0.2,SSW,225,-0.707106781,-0.707106781,46,SE,157.5,0.382683432,-0.923879533,11,ENE,90,1,6.12574E-17,7,0,0
13.3,31.7,0.2,7.8,11,80,23,1021.6,1017.6,2,5,17.5,30.7,0,WNW,315,-0.707106781,0.707106781,44,ESE,135,0.707106781,-0.707106781,6,WSW,270,-1,-1.83772E-16,28,0,0
13.2,33.1,0,8.6,9.7,91,18,1020.9,1017.7,7,1,16.1,31.7,0,ENE,90,1,6.12574E-17,39,SE,157.5,0.382683432,-0.923879533,7,NNW,360,-2.4503E-16,1,7,0,0
12.3,33.8,0,7.2,11.3,57,15,1022.6,1019.1,0,1,17.9,32.7,0,W,292.5,-0.923879533,0.382683432,22,SE,157.5,0.382683432,-0.923879533,9,W,292.5,-0.923879533,0.382683432,13,0,0
13.8,35.2,0,6.4,11.2,47,15,1022.5,1019.3,5,2,21.4,34.1,0,SE,157.5,0.382683432,-0.923879533,48,SE,157.5,0.382683432,-0.923879533,7,ESE,135,0.707106781,-0.707106781,4,0,0
11.3,32.3,0,9.4,11.4,44,17,1024.3,1020.7,5,2,18.2,30.5,0,NE,67.5,0.923879533,0.382683432,28,ENE,90,1,6.12574E-17,4,WNW,315,-0.707106781,0.707106781,6,0,0
11.7,30.2,0,7.8,11.2,73,22,1024.3,1020.6,1,0,17.7,28.8,0,NE,67.5,0.923879533,0.382683432,33,ESE,135,0.707106781,-0.707106781,9,NNW,360,-2.4503E-16,1,13,0,0
12.5,29.9,0,5.8,10.7,76,30,1022.7,1018.8,0,1,16.8,29.2,0,NW,337.5,-0.382683432,0.923879533,43,ESE,135,0.707106781,-0.707106781,0,WNW,315,-0.707106781,0.707106781,19,0,0
15.1,26.2,0,9,9.8,59,48,1022.1,1018.7,1,4,19.7,24.5,0,NE,67.5,0.923879533,0.382683432,31,SE,157.5,0.382683432,-0.923879533,4,NNE,45,0.707106781,0.707106781,15,0,0
11.5,29.3,0,5.2,8,76,35,1013.8,1009.4,7,7,17.1,27.6,0,NW,337.5,-0.382683432,0.923879533,46,SE,157.5,0.382683432,-0.923879533,0,WSW,270,-1,-1.83772E-16,26,0,0
13,14.8,0,8.2,0,77,62,1017.4,1019.3,7,8,13.3,13.9,0,SE,157.5,0.382683432,-0.923879533,30,ESE,135,0.707106781,-0.707106781,9,ESE,135,0.707106781,-0.707106781,17,0,0
11.6,19.6,0,2.8,1.6,71,64,1023.6,1021.8,7,8,14,17.9,0,E,112.5,0.923879533,-0.382683432,33,SE,157.5,0.382683432,-0.923879533,6,ESE,135,0.707106781,-0.707106781,17,0,0
12.8,24.9,0,2.4,6.2,76,44,1023.2,1019.3,7,6,15.5,24.2,0.6,ENE,90,1,6.12574E-17,30,NNW,360,-2.4503E-16,1,6,SW,247.5,-0.923879533,-0.382683432,7,0,0
15.5,22.4,0.6,4.8,1.9,89,68,1018.7,1015.4,8,7,17.1,21.1,6.4,NW,337.5,-0.382683432,0.923879533,28,SSE,180,1.22515E-16,-1,6,WNW,315,-0.707106781,0.707106781,19,0,1
13.1,17.4,6.4,2.8,0,94,93,1010.2,1006.5,8,8,16.4,16.6,19.8,NNW,360,-2.4503E-16,1,43,N,22.5,0.382683432,0.923879533,11,N,22.5,0.382683432,0.923879533,20,1,1
12.6,20.2,19.8,2.6,9.1,76,50,1007.9,1008.4,5,4,15.1,17.4,0,W,292.5,-0.923879533,0.382683432,46,NNW,360,-2.4503E-16,1,17,W,292.5,-0.923879533,0.382683432,20,1,0
4.4,18.3,0,4.6,9.6,80,36,1014.8,1012.6,1,2,8.4,17.4,0,N,22.5,0.382683432,0.923879533,33,SE,157.5,0.382683432,-0.923879533,7,N,22.5,0.382683432,0.923879533,17,0,0
4.4,18.2,0,3.6,11,78,35,1017.4,1015,1,3,9.2,17.2,0,W,292.5,-0.923879533,0.382683432,31,SE,157.5,0.382683432,-0.923879533,7,WNW,315,-0.707106781,0.707106781,19,0,0
7.1,18.5,0,3.4,10,90,30,1015.1,1011.3,6,6,8.8,18.2,0,NW,337.5,-0.382683432,0.923879533,57,N,22.5,0.382683432,0.923879533,9,NW,337.5,-0.382683432,0.923879533,22,0,0
4.2,18.9,0,6.4,10.8,60,34,1011.2,1009.3,3,2,11.2,18.1,0,WNW,315,-0.707106781,0.707106781,50,WSW,270,-1,-1.83772E-16,6,WNW,315,-0.707106781,0.707106781,31,0,0
9.6,18.8,0,6.4,10,54,42,1012.7,1013,2,5,13.1,16.5,0,WNW,315,-0.707106781,0.707106781,57,NW,337.5,-0.382683432,0.923879533,19,W,292.5,-0.923879533,0.382683432,26,0,0
3.5,21.8,0,6,10.3,72,34,1023.9,1021.2,0,1,8.7,21.2,0,NNW,360,-2.4503E-16,1,22,ESE,135,0.707106781,-0.707106781,7,WNW,315,-0.707106781,0.707106781,11,0,0
5.3,23.3,0,3.6,5.6,90,26,1018,1010.5,1,8,9.5,22.5,2.6,NNW,360,-2.4503E-16,1,83,SSW,225,-0.707106781,-0.707106781,2,NW,337.5,-0.382683432,0.923879533,37,0,1
7,14.3,2.6,9.6,9.7,68,40,1010.3,1012.7,1,3,9.1,13.7,0,WNW,315,-0.707106781,0.707106781,63,NW,337.5,-0.382683432,0.923879533,26,W,292.5,-0.923879533,0.382683432,33,1,0
0.4,18.9,0,4.8,9.6,77,33,1021.2,1019.1,0,1,5.2,17.6,0,N,22.5,0.382683432,0.923879533,22,NW,337.5,-0.382683432,0.923879533,6,WSW,270,-1,-1.83772E-16,7,0,0
3.2,21.4,0,3.2,10.6,76,27,1025.2,1022.3,0,1,8.2,20.5,0,E,112.5,0.923879533,-0.382683432,26,SE,157.5,0.382683432,-0.923879533,7,NNW,360,-2.4503E-16,1,7,0,0
5.9,21.8,0,2.8,9.3,70,35,1028,1024.1,1,5,12.9,20.8,0,E,112.5,0.923879533,-0.382683432,35,SSW,225,-0.707106781,-0.707106781,7,NNW,360,-2.4503E-16,1,11,0,0
8.1,20.5,0,3.8,7.8,66,48,1027.8,1024,1,5,14.9,19.5,0,ENE,90,1,6.12574E-17,31,ESE,135,0.707106781,-0.707106781,11,ENE,90,1,6.12574E-17,11,0,0
6.9,18.9,0,4.2,4.1,68,45,1028.2,1025.4,5,4,13.8,17.8,0,ESE,135,0.707106781,-0.707106781,39,SSE,180,1.22515E-16,-1,15,SE,157.5,0.382683432,-0.923879533,9,0,0
5.6,19.5,0,2.8,6.8,69,49,1025.7,1021.8,6,4,14.3,18.6,0,SW,247.5,-0.923879533,-0.382683432,17,S,202.5,-0.382683432,-0.923879533,9,WNW,315,-0.707106781,0.707106781,6,0,0
7.2,22.9,0,2.2,9.5,82,28,1023.1,1019.2,1,1,14,22.2,0,E,112.5,0.923879533,-0.382683432,26,NNW,360,-2.4503E-16,1,4,N,22.5,0.382683432,0.923879533,6,0,0
7.1,23.4,0,3.4,10.2,72,29,1021,1016.9,0,1,12.7,22.4,0,ESE,135,0.707106781,-0.707106781,39,SE,157.5,0.382683432,-0.923879533,2,WSW,270,-1,-1.83772E-16,7,0,0
6.1,24.1,0,4.6,6.1,75,32,1019.2,1015.8,7,3,11.5,23.7,2,WNW,315,-0.707106781,0.707106781,35,SSW,225,-0.707106781,-0.707106781,6,WNW,315,-0.707106781,0.707106781,11,0,1
7.1,19.8,2,3.2,7.7,96,56,1018.4,1013.8,5,2,10.7,19.1,5.2,W,292.5,-0.923879533,0.382683432,39,SSE,180,1.22515E-16,-1,13,NW,337.5,-0.382683432,0.923879533,15,1,1
5.6,18,5.2,3.8,9.3,70,40,1020.8,1019.6,1,1,12.4,17.9,0,S,202.5,-0.382683432,-0.923879533,31,SSE,180,1.22515E-16,-1,9,SSE,180,1.22515E-16,-1,20,1,0
5.4,20.7,0,3.2,10.8,66,36,1027.2,1023.9,1,2,12.3,20.4,0,SSE,180,1.22515E-16,-1,28,SSE,180,1.22515E-16,-1,7,S,202.5,-0.382683432,-0.923879533,9,0,0
6.3,19.3,0,3.4,10.6,65,39,1027.9,1024.4,1,1,12.6,18.8,0,S,202.5,-0.382683432,-0.923879533,31,S,202.5,-0.382683432,-0.923879533,9,SE,157.5,0.382683432,-0.923879533,13,0,0
5.3,21,0,4.6,6.3,77,44,1027.2,1023.3,7,2,12,20.4,0,WNW,315,-0.707106781,0.707106781,26,SSW,225,-0.707106781,-0.707106781,7,NW,337.5,-0.382683432,0.923879533,7,0,0
7.9,19.7,0,3.2,8.3,58,43,1027.3,1024.1,3,6,14,19.1,0,ESE,135,0.707106781,-0.707106781,48,SSE,180,1.22515E-16,-1,17,ENE,90,1,6.12574E-17,11,0,0
8.4,16.1,0,3,4.9,69,51,1029.5,1027.4,6,7,13.6,15.2,0,SE,157.5,0.382683432,-0.923879533,35,SE,157.5,0.382683432,-0.923879533,13,ESE,135,0.707106781,-0.707106781,22,0,0
8.1,18.7,0,4.4,7.1,66,65,1028.2,1024.2,4,7,13.5,15.6,0,ESE,135,0.707106781,-0.707106781,33,SSE,180,1.22515E-16,-1,11,ESE,135,0.707106781,-0.707106781,30,0,0
2.4,20.6,0,2.8,10.1,77,34,1024.8,1021,1,2,10.6,19.8,0,E,112.5,0.923879533,-0.382683432,30,SE,157.5,0.382683432,-0.923879533,9,SSE,180,1.22515E-16,-1,7,0,0
5.6,18.9,0,3.8,8,79,49,1025.8,1023.5,7,6,12.5,17.7,0,SE,157.5,0.382683432,-0.923879533,33,SSE,180,1.22515E-16,-1,13,E,112.5,0.923879533,-0.382683432,22,0,0
7.5,19,0,4,6.8,74,43,1025.5,1022.2,6,5,12.6,18.1,0,ENE,90,1,6.12574E-17,26,SSE,180,1.22515E-16,-1,0,ESE,135,0.707106781,-0.707106781,7,0,0
2.5,21.2,0,2,7.9,82,55,1023.7,1019.8,4,4,9.2,17.6,0,NE,67.5,0.923879533,0.382683432,28,ESE,135,0.707106781,-0.707106781,7,NE,67.5,0.923879533,0.382683432,9,0,0
5,20.9,0,2,8.9,84,42,1019.9,1014.3,7,6,10.1,20.6,0.2,WNW,315,-0.707106781,0.707106781,22,SSE,180,1.22515E-16,-1,0,NW,337.5,-0.382683432,0.923879533,7,0,0
3.8,21.7,0.2,2.8,6.5,99,34,1011.9,1006.7,7,7,7.9,20.2,0,NW,337.5,-0.382683432,0.923879533,44,ESE,135,0.707106781,-0.707106781,2,WNW,315,-0.707106781,0.707106781,20,0,0
7.9,18.7,0,5.8,5.8,68,51,1003.2,997.7,6,6,14.4,16.6,7.2,NW,337.5,-0.382683432,0.923879533,59,NNW,360,-2.4503E-16,1,26,NW,337.5,-0.382683432,0.923879533,31,0,1
4.3,11.3,7.2,4.4,5.6,75,60,1006.3,1008.1,3,6,7.1,8.8,0.2,W,292.5,-0.923879533,0.382683432,57,WNW,315,-0.707106781,0.707106781,26,WNW,315,-0.707106781,0.707106781,22,1,0
-2.1,13.8,0.2,1.8,9.5,69,40,1020.6,1019.6,0,1,6.3,13.2,0,NNW,360,-2.4503E-16,1,22,E,112.5,0.923879533,-0.382683432,0,NNW,360,-2.4503E-16,1,9,0,0
-1.8,14.8,0,1.4,7,80,40,1024.2,1020.5,1,7,5.3,13.9,0,N,22.5,0.382683432,0.923879533,28,E,112.5,0.923879533,-0.382683432,2,N,22.5,0.382683432,0.923879533,19,0,0
3.8,13.8,0,2.8,0.8,67,54,1020.6,1018.5,7,7,10.5,12.4,0,WNW,315,-0.707106781,0.707106781,31,W,292.5,-0.923879533,0.382683432,6,NNW,360,-2.4503E-16,1,26,0,0
2.1,17.3,0,1.6,9.2,81,38,1020,1017.3,1,2,8.7,15.9,0,W,292.5,-0.923879533,0.382683432,43,SSW,225,-0.707106781,-0.707106781,6,WNW,315,-0.707106781,0.707106781,28,0,0
0.5,17.1,0,4,9.4,74,42,1020.8,1017.4,1,1,7.4,16.2,0,NW,337.5,-0.382683432,0.923879533,31,ESE,135,0.707106781,-0.707106781,6,W,292.5,-0.923879533,0.382683432,13,0,0
-0.9,16.7,0,2.4,9.3,76,42,1022.7,1018.5,5,2,6.2,15.4,0,NNW,360,-2.4503E-16,1,30,SW,247.5,-0.923879533,-0.382683432,2,NNW,360,-2.4503E-16,1,15,0,0
0.4,19,0,3.4,8.3,76,41,1019.8,1015.8,6,5,7.7,18.5,0,NW,337.5,-0.382683432,0.923879533,39,NE,67.5,0.923879533,0.382683432,2,WNW,315,-0.707106781,0.707106781,19,0,0
7.5,16.8,0,2.8,3,70,53,1018,1013.8,7,7,12.5,15.4,0,NW,337.5,-0.382683432,0.923879533,41,W,292.5,-0.923879533,0.382683432,7,NW,337.5,-0.382683432,0.923879533,26,0,0
8.3,17.6,0,3.4,9.4,73,43,1015.8,1013.5,1,1,12.4,16.5,0,WNW,315,-0.707106781,0.707106781,43,NW,337.5,-0.382683432,0.923879533,17,WNW,315,-0.707106781,0.707106781,30,0,0
-0.2,18.1,0,4.4,9.4,80,44,1021.4,1018.9,1,1,6.7,16.9,0,NW,337.5,-0.382683432,0.923879533,24,NNE,45,0.707106781,0.707106781,0,NW,337.5,-0.382683432,0.923879533,9,0,0
0.1,21,0,2.2,9.2,78,36,1023.2,1020.3,0,1,7.6,20.7,0,NNW,360,-2.4503E-16,1,17,WNW,315,-0.707106781,0.707106781,2,N,22.5,0.382683432,0.923879533,9,0,0
1.5,20.9,0,2.4,9.3,80,41,1023.2,1020,1,1,8.4,20.9,0,NW,337.5,-0.382683432,0.923879533,20,NW,337.5,-0.382683432,0.923879533,2,NNW,360,-2.4503E-16,1,9,0,0
8.3,17.4,0,2,1.6,80,52,1024.4,1021.5,7,7,13.5,17.2,0,E,112.5,0.923879533,-0.382683432,20,WSW,270,-1,-1.83772E-16,6,NE,67.5,0.923879533,0.382683432,11,0,0
9.4,19.2,0,2.2,7.7,73,47,1024.2,1020.3,7,1,12.1,18.8,0,E,112.5,0.923879533,-0.382683432,24,E,112.5,0.923879533,-0.382683432,4,NNW,360,-2.4503E-16,1,15,0,0
1.3,19,0,2.2,9.4,87,34,1024.7,1021.4,1,2,7.9,18.6,0,NNW,360,-2.4503E-16,1,30,SE,157.5,0.382683432,-0.923879533,7,NW,337.5,-0.382683432,0.923879533,15,0,0
2.2,18.6,0,2,9.2,84,44,1024.4,1021,1,3,8.5,17.8,0,NNW,360,-2.4503E-16,1,31,NW,337.5,-0.382683432,0.923879533,9.47,NNW,360,-2.4503E-16,1,20,0,0
-0.4,17.9,0,2.4,8.7,80,40,1023.5,1018.7,1,2,6.8,17.7,1.8,NW,337.5,-0.382683432,0.923879533,33,NNE,45,0.707106781,0.707106781,2,NW,337.5,-0.382683432,0.923879533,20,0,1
4.5,16,1.8,3,4.3,88,69,1017.7,1013.7,7,7,10,15.2,1,NW,337.5,-0.382683432,0.923879533,35,W,292.5,-0.923879533,0.382683432,9,NW,337.5,-0.382683432,0.923879533,15,1,0
7.9,12.3,1,1.8,1.7,68,78,1006.3,1005.9,7,7,11.3,7.3,0.8,NW,337.5,-0.382683432,0.923879533,52,NNW,360,-2.4503E-16,1,30,NW,337.5,-0.382683432,0.923879533,24,0,0
4.3,14.1,0.8,1.6,8.8,71,53,1008.4,1008.3,6,6,7.9,13.3,0,NW,337.5,-0.382683432,0.923879533,41,NNW,360,-2.4503E-16,1,13,WNW,315,-0.707106781,0.707106781,26,0,0
-2.7,18.1,0,2.2,9.3,85,36,1017.8,1014.3,1,1,3.5,16.7,0,W,292.5,-0.923879533,0.382683432,52,SE,157.5,0.382683432,-0.923879533,0,WNW,315,-0.707106781,0.707106781,24,0,0
0.3,17,0,2.2,5.6,99,52,1021.9,1018.6,8,1,3.8,16.2,0,WNW,315,-0.707106781,0.707106781,31,S,202.5,-0.382683432,-0.923879533,6,WNW,315,-0.707106781,0.707106781,24,0,0
3.8,17.4,0,2.6,7.3,81,47,1024.5,1022.9,6,2,8,16.6,0,E,112.5,0.923879533,-0.382683432,24,ESE,135,0.707106781,-0.707106781,2,W,292.5,-0.923879533,0.382683432,7,0,0
2.4,14.7,0,2.6,9.2,74,43,1030.4,1026,1,1,5.9,13.8,0,ESE,135,0.707106781,-0.707106781,20,SSE,180,1.22515E-16,-1,7,E,112.5,0.923879533,-0.382683432,6,0,0
1.2,14.8,0,2.4,6.7,81,49,1028.5,1024.8,7,1,5.3,14.5,0,SE,157.5,0.382683432,-0.923879533,17,SE,157.5,0.382683432,-0.923879533,11,SSW,225,-0.707106781,-0.707106781,6,0,0
1.2,14.5,0,1.2,8.9,74,43,1026.7,1023.5,0,1,6.5,13.9,0,SE,157.5,0.382683432,-0.923879533,17,SE,157.5,0.382683432,-0.923879533,6,SSW,225,-0.707106781,-0.707106781,6,0,0
-0.3,17.5,0,1.6,8.4,81,48,1025.5,1021.8,1,5,6.2,17.2,3.8,W,292.5,-0.923879533,0.382683432,39,SE,157.5,0.382683432,-0.923879533,6,NNW,360,-2.4503E-16,1,15,0,1
4.7,18.5,3.8,2,5.1,99,50,1026.6,1023.1,7,4,7,17.9,5.2,ESE,135,0.707106781,-0.707106781,22,NNW,360,-2.4503E-16,1,6,W,292.5,-0.923879533,0.382683432,6,1,1
4.9,18.1,5.2,1.2,8.5,93,55,1025.7,1022.3,1,1,8.9,17.7,0,NNW,360,-2.4503E-16,1,22,NNW,360,-2.4503E-16,1,0,NW,337.5,-0.382683432,0.923879533,13,1,0
1.4,16.8,0,1.6,8.2,91,50,1027.2,1024.7,1,4,6.2,16.3,0.2,NW,337.5,-0.382683432,0.923879533,20,SSE,180,1.22515E-16,-1,0,NW,337.5,-0.382683432,0.923879533,6,0,0
2.2,17.5,0.2,1.2,8.5,92,45,1032.1,1029.6,2,1,5.5,17.3,0,NW,337.5,-0.382683432,0.923879533,20,SSE,180,1.22515E-16,-1,7,WNW,315,-0.707106781,0.707106781,7,0,0
-0.1,18,0,2,8.6,83,46,1033.2,1028.7,1,1,5.6,17.4,0,NW,337.5,-0.382683432,0.923879533,25,N,22.5,0.382683432,0.923879533,2,NNW,360,-2.4503E-16,1,15,0,0
-0.9,18.5,0,2.2,8.9,84,38,1030.2,1027.4,2,3,4.7,18.2,0,E,112.5,0.923879533,-0.382683432,22,N,22.5,0.382683432,0.923879533,0,N,22.5,0.382683432,0.923879533,7,0,0
0.6,14,0,2.2,2.7,99,67,1032.3,1028.9,7,7,4.6,13.9,0,NE,67.5,0.923879533,0.382683432,17,N,22.5,0.382683432,0.923879533,9.47,ENE,90,1,6.12574E-17,7,0,0
4.6,15.7,0,1,0.6,85,67,1030.3,1027.1,7,7,9.9,15.5,0.8,NNE,45,0.707106781,0.707106781,15,SSE,180,1.22515E-16,-1,6,NNE,45,0.707106781,0.707106781,6,0,0
9.8,14.4,0.8,0.6,0,99,86,1028.5,1027.2,8,8,12.1,13.6,3.8,ESE,135,0.707106781,-0.707106781,20,S,202.5,-0.382683432,-0.923879533,9,ESE,135,0.707106781,-0.707106781,11,0,1
10.6,15.1,3.8,0.2,2.6,78,65,1028.2,1025.7,8,7,11.5,13.3,0,SSE,180,1.22515E-16,-1,41,SE,157.5,0.382683432,-0.923879533,9,SE,157.5,0.382683432,-0.923879533,20,1,0
7.8,15.1,0,2.2,2.7,84,65,1025.9,1023.4,6,7,10.3,14.8,0,S,202.5,-0.382683432,-0.923879533,31,SSE,180,1.22515E-16,-1,6,S,202.5,-0.382683432,-0.923879533,20,0,0
4.4,16.7,0,1.6,9,74,42,1025.2,1022.1,1,1,9.6,16.2,0,S,202.5,-0.382683432,-0.923879533,22,SE,157.5,0.382683432,-0.923879533,11,NNE,45,0.707106781,0.707106781,4,0,0
-0.2,15.5,0,1.4,9,86,42,1027.6,1027,1,1,4.9,14.5,0,NE,67.5,0.923879533,0.382683432,28,N,22.5,0.382683432,0.923879533,4,ESE,135,0.707106781,-0.707106781,11,0,0
4.3,14.5,0,2,3,76,70,1034.3,1031.7,7,7,7.9,13,0,E,112.5,0.923879533,-0.382683432,30,SSE,180,1.22515E-16,-1,6,ENE,90,1,6.12574E-17,13,0,0
7.4,16.3,0,1.2,7.9,75,65,1031.4,1027.9,7,7,12.1,14.5,6.2,NNE,45,0.707106781,0.707106781,30,SSE,180,1.22515E-16,-1,6,NE,67.5,0.923879533,0.382683432,19,0,1
8.6,13.7,6.2,2.2,0,97,94,1027.8,1024.3,8,8,10.3,11.6,4.8,NW,337.5,-0.382683432,0.923879533,31,E,112.5,0.923879533,-0.382683432,2,NE,67.5,0.923879533,0.382683432,0,1,1
10.2,15,4.8,0.2,0.5,90,65,1022.9,1022.1,7,7,12.9,13.7,0.2,NW,337.5,-0.382683432,0.923879533,46,NNW,360,-2.4503E-16,1,22,NW,337.5,-0.382683432,0.923879533,17,1,0
7.3,16.4,0.2,1.2,8.5,86,48,1023.7,1019.7,1,1,11.2,14.7,0.6,NW,337.5,-0.382683432,0.923879533,43,N,22.5,0.382683432,0.923879533,15,WNW,315,-0.707106781,0.707106781,24,0,0
8.7,13,0.6,3.2,7.1,82,58,1013.7,1014.1,4,2,8.8,11.1,0,WNW,315,-0.707106781,0.707106781,54,W,292.5,-0.923879533,0.382683432,19,WNW,315,-0.707106781,0.707106781,28,0,0
1,11.8,0,2.2,7.2,73,49,1025.7,1025.6,4,1,6.5,11,0,S,202.5,-0.382683432,-0.923879533,48,NW,337.5,-0.382683432,0.923879533,7,S,202.5,-0.382683432,-0.923879533,24,0,0
2.1,14.7,0,2.6,8.2,72,57,1029,1026.3,1,2,9,13.8,0,S,202.5,-0.382683432,-0.923879533,43,S,202.5,-0.382683432,-0.923879533,24,SSW,225,-0.707106781,-0.707106781,26,0,0
6.4,16.9,0,2.6,5.9,78,51,1027.8,1024.8,7,2,9.5,16,0,SSW,225,-0.707106781,-0.707106781,26,SSW,225,-0.707106781,-0.707106781,17,ESE,135,0.707106781,-0.707106781,9,0,0
5.4,15.5,0,1.6,5.8,80,58,1028.6,1025.5,7,1,9.4,14.9,0,NNE,45,0.707106781,0.707106781,20,SSW,225,-0.707106781,-0.707106781,7,NNE,45,0.707106781,0.707106781,7,0,0
0.4,15.5,0,1,4.7,97,70,1026.7,1023.5,5,7,4,15,0,N,22.5,0.382683432,0.923879533,13,N,22.5,0.382683432,0.923879533,6,NNW,360,-2.4503E-16,1,9,0,0
4,15.9,0,0.6,2,95,63,1022.5,1019.7,8,7,8.4,14.8,4.8,NNW,360,-2.4503E-16,1,17,SE,157.5,0.382683432,-0.923879533,6,SSE,180,1.22515E-16,-1,7,0,1
8.4,11.7,4.8,0.6,0,91,86,1021.2,1019.2,8,7,9.7,11.3,0.6,W,292.5,-0.923879533,0.382683432,26,WNW,315,-0.707106781,0.707106781,6,WNW,315,-0.707106781,0.707106781,7,1,0
0.4,13.9,0.6,0.8,7.7,99,59,1023,1021,3,6,4.2,12.1,0,WNW,315,-0.707106781,0.707106781,41,E,112.5,0.923879533,-0.382683432,6,WNW,315,-0.707106781,0.707106781,19,0,0
4.2,14,0,1.4,7.6,74,44,1026.4,1025.7,5,4,8.8,12.5,0,NW,337.5,-0.382683432,0.923879533,33,NNW,360,-2.4503E-16,1,9,SE,157.5,0.382683432,-0.923879533,9,0,0
0.9,12.9,0,2,6.8,92,53,1025.1,1022.1,7,7,5.5,12.3,0,NW,337.5,-0.382683432,0.923879533,24,W,292.5,-0.923879533,0.382683432,7,N,22.5,0.382683432,0.923879533,15,0,0
0.8,13,0,1.4,4.1,95,69,1028.2,1024.2,8,6,4.3,11.7,0,WNW,315,-0.707106781,0.707106781,41,S,202.5,-0.382683432,-0.923879533,2,NW,337.5,-0.382683432,0.923879533,28,0,0
4.3,12.6,0,2,9,75,54,1026.3,1021.9,3,1,7.8,11.3,0,NW,337.5,-0.382683432,0.923879533,46,NNW,360,-2.4503E-16,1,0,WNW,315,-0.707106781,0.707106781,28,0,0
6.3,11.8,0,2.6,6.5,81,48,1018.7,1020.4,6,1,7,11.5,0,WNW,315,-0.707106781,0.707106781,63,NNW,360,-2.4503E-16,1,20,WNW,315,-0.707106781,0.707106781,28,0,0
3.5,14.3,0,3.4,8.9,71,51,1027.8,1025,1,1,6.7,12.7,0,NNW,360,-2.4503E-16,1,35,N,22.5,0.382683432,0.923879533,7,NNW,360,-2.4503E-16,1,24,0,0
-1.5,14.8,0,2.2,8,90,41,1029.1,1026,4,3,2.1,14.5,0,NW,337.5,-0.382683432,0.923879533,15,N,22.5,0.382683432,0.923879533,6,NW,337.5,-0.382683432,0.923879533,9,0,0
1.2,16,0,1.4,6.1,84,38,1024.6,1020.9,7,6,6.5,14.6,0,NNW,360,-2.4503E-16,1,31,S,202.5,-0.382683432,-0.923879533,6,N,22.5,0.382683432,0.923879533,22,0,0
0.5,15.4,0,2.4,6.4,53,68,1017.2,1010.2,1,7,9.7,12.9,2,W,292.5,-0.923879533,0.382683432,70,NW,337.5,-0.382683432,0.923879533,22,NNW,360,-2.4503E-16,1,28,0,1
5.3,11.7,2,3.6,5.6,73,56,1012.1,1012.3,3,1,6.9,11.1,0.2,NW,337.5,-0.382683432,0.923879533,78,NW,337.5,-0.382683432,0.923879533,33,W,292.5,-0.923879533,0.382683432,33,1,0
6.6,13.1,0.2,2.8,8.2,62,53,1013.5,1014,5,1,10.6,12.3,0,WNW,315,-0.707106781,0.707106781,61,NNW,360,-2.4503E-16,1,31,WNW,315,-0.707106781,0.707106781,30,0,0
-1.6,11.5,0,2.8,8.9,82,53,1024.3,1021.9,1,1,3,11.1,0,N,22.5,0.382683432,0.923879533,31,ESE,135,0.707106781,-0.707106781,7,NNW,360,-2.4503E-16,1,20,0,0
-3.1,12,0,1.8,3.9,80,52,1030.5,1030,1,6,5.9,10.2,0,ESE,135,0.707106781,-0.707106781,35,SSW,225,-0.707106781,-0.707106781,4,NE,67.5,0.923879533,0.382683432,13,0,0
-0.1,14.2,0,1.4,7,81,55,1032.9,1028.9,1,2,4.7,12.6,0,W,292.5,-0.923879533,0.382683432,13,WNW,315,-0.707106781,0.707106781,9.47,WNW,315,-0.707106781,0.707106781,2,0,0
-0.6,14,0,1.2,7.1,86,59,1030,1026.3,5,5,3.7,13.6,0.8,NW,337.5,-0.382683432,0.923879533,41,WNW,315,-0.707106781,0.707106781,2,NNW,360,-2.4503E-16,1,22,0,0
3,11.1,0.8,1.4,0.2,99,96,1024.4,1021.1,7,8,6.3,8.6,16.8,W,292.5,-0.923879533,0.382683432,35,NW,337.5,-0.382683432,0.923879533,0,N,22.5,0.382683432,0.923879533,13,0,1
2.9,9.5,16.8,1.4,6.5,93,72,1021.6,1019.6,6,6,5.5,7.4,0,NW,337.5,-0.382683432,0.923879533,35,NW,337.5,-0.382683432,0.923879533,0,NW,337.5,-0.382683432,0.923879533,15,1,0
-1.3,8.8,0,0.8,2.8,95,68,1020,1016.8,7,6,1.8,8,0,WNW,315,-0.707106781,0.707106781,39,NW,337.5,-0.382683432,0.923879533,9,NW,337.5,-0.382683432,0.923879533,15,0,0
1.8,8.7,0,1.8,1.2,83,85,1014.6,1010.5,7,7,6,6.9,1.6,NW,337.5,-0.382683432,0.923879533,65,NW,337.5,-0.382683432,0.923879533,31,NW,337.5,-0.382683432,0.923879533,35,0,1
2.9,8.4,1.6,1.4,7.7,76,66,1016.7,1018.2,7,3,5.5,7.1,0.2,NW,337.5,-0.382683432,0.923879533,59,NW,337.5,-0.382683432,0.923879533,20,WNW,315,-0.707106781,0.707106781,31,1,0
-2.6,11.1,0.2,1.4,6.5,87,54,1027.1,1022.7,1,7,0.8,9.9,0,N,22.5,0.382683432,0.923879533,20,E,112.5,0.923879533,-0.382683432,2,NNW,360,-2.4503E-16,1,7,0,0
0.5,11,0,1,0.9,92,69,1024.4,1021.9,7,7,2.8,10.7,0,NNW,360,-2.4503E-16,1,31,S,202.5,-0.382683432,-0.923879533,0,NW,337.5,-0.382683432,0.923879533,15,0,0
2.7,16.5,0,0.6,8.9,93,51,1021.8,1019,5,1,6.7,15.9,0,NNW,360,-2.4503E-16,1,41,SW,247.5,-0.923879533,-0.382683432,7,NNW,360,-2.4503E-16,1,22,0,0
-1.7,13.6,0,1.8,5.2,83,46,1023,1020.1,1,7,3.9,13.3,0.2,NNW,360,-2.4503E-16,1,28,SE,157.5,0.382683432,-0.923879533,9.47,NNW,360,-2.4503E-16,1,17,0,0
-0.9,12.8,0.2,2,1.9,99,62,1024.1,1020.8,7,7,2.7,12.1,0,N,22.5,0.382683432,0.923879533,17,SE,157.5,0.382683432,-0.923879533,6,NNW,360,-2.4503E-16,1,9,0,0
-1.8,11.5,0,0.6,4.7,99,55,1019.7,1013.9,7,3,1.3,11,0,NNW,360,-2.4503E-16,1,41,SE,157.5,0.382683432,-0.923879533,0,NNW,360,-2.4503E-16,1,24,0,0
1.3,10.6,0,0.8,5.6,75,73,1010.8,1009.4,3,5,7.7,8.2,1.2,NW,337.5,-0.382683432,0.923879533,46,NNW,360,-2.4503E-16,1,24,WNW,315,-0.707106781,0.707106781,33,0,1
2.4,11.6,1.2,2.2,8.1,71,48,1016.7,1014.9,1,3,6,10.7,0.2,NW,337.5,-0.382683432,0.923879533,35,NNW,360,-2.4503E-16,1,15,NW,337.5,-0.382683432,0.923879533,22,1,0
-1.1,11,0.2,1.8,0,92,87,1014.4,1009,7,8,2.4,8.7,19.2,WNW,315,-0.707106781,0.707106781,41,SE,157.5,0.382683432,-0.923879533,0,NE,67.5,0.923879533,0.382683432,6,0,1
2.3,11.6,19.2,1.8,7.5,78,56,1006.9,1010.3,7,3,7.6,11.2,0,WNW,315,-0.707106781,0.707106781,54,WNW,315,-0.707106781,0.707106781,26,WNW,315,-0.707106781,0.707106781,31,1,0
-2.2,11.6,0,1.4,9.2,68,33,1025.7,1025.8,1,1,3.4,11,0,S,202.5,-0.382683432,-0.923879533,39,E,112.5,0.923879533,-0.382683432,2,SSW,225,-0.707106781,-0.707106781,28,0,0
-3.5,11.2,0,1.6,7.7,76,48,1033.5,1031.1,1,5,3.6,10.1,0,ESE,135,0.707106781,-0.707106781,26,N,22.5,0.382683432,0.923879533,6,ESE,135,0.707106781,-0.707106781,11,0,0
-1,12.2,0,1.6,8.4,82,51,1032.2,1027.4,3,5,3.7,10.8,0,ESE,135,0.707106781,-0.707106781,30,SE,157.5,0.382683432,-0.923879533,7,E,112.5,0.923879533,-0.382683432,13,0,0
-2.1,12.9,0,1.2,8.1,92,25,1025.7,1020.9,2,1,1.4,12.3,0.2,S,202.5,-0.382683432,-0.923879533,31,SE,157.5,0.382683432,-0.923879533,7,SE,157.5,0.382683432,-0.923879533,13,0,0
-2,11.3,0.2,2.2,5.9,88,50,1020,1015.3,7,7,1.2,10.9,0,WNW,315,-0.707106781,0.707106781,33,SE,157.5,0.382683432,-0.923879533,2,WNW,315,-0.707106781,0.707106781,19,0,0
-2.3,9.7,0,1.4,1.9,92,66,1013.8,1010,7,7,1,7.8,1.4,SSE,180,1.22515E-16,-1,28,SSE,180,1.22515E-16,-1,6,WSW,270,-1,-1.83772E-16,13,0,1
-1.6,10.7,1.4,0.8,9.1,74,56,1014.1,1014.9,2,4,5.6,9.6,0,S,202.5,-0.382683432,-0.923879533,59,SSW,225,-0.707106781,-0.707106781,28,S,202.5,-0.382683432,-0.923879533,37,1,0
0.8,12.2,0,1.8,8.6,69,49,1020.9,1016.8,3,1,6.5,11.2,0,ESE,135,0.707106781,-0.707106781,28,S,202.5,-0.382683432,-0.923879533,19,S,202.5,-0.382683432,-0.923879533,22,0,0
-2.8,12.2,0,2.6,8.7,84,48,1018.3,1014.6,1,1,2.7,11.5,0,NNW,360,-2.4503E-16,1,31,S,202.5,-0.382683432,-0.923879533,0,NNW,360,-2.4503E-16,1,15,0,0
-2.8,14.1,0,2.2,6.8,81,38,1017.3,1012.9,1,7,3,12.8,1,WNW,315,-0.707106781,0.707106781,48,S,202.5,-0.382683432,-0.923879533,0,WNW,315,-0.707106781,0.707106781,26,0,0
3,9.7,1,2.6,0.7,64,82,1005.1,1001.3,8,7,9.6,8.6,6.6,W,292.5,-0.923879533,0.382683432,65,NW,337.5,-0.382683432,0.923879533,19,NW,337.5,-0.382683432,0.923879533,28,0,1
4.4,11.5,6.6,2.2,9.3,67,56,1013.9,1014.9,1,1,6.9,10.5,0,WNW,315,-0.707106781,0.707106781,57,NNW,360,-2.4503E-16,1,28,WNW,315,-0.707106781,0.707106781,31,1,0
2.3,12.8,0,2.2,9.6,70,48,1021.2,1018.1,1,1,7.8,11.6,0,WNW,315,-0.707106781,0.707106781,35,ENE,90,1,6.12574E-17,4,WNW,315,-0.707106781,0.707106781,24,0,0
-2,12.3,0,2.4,5.8,81,60,1020.9,1018.3,1,7,2.6,9.1,0,W,292.5,-0.923879533,0.382683432,31,ESE,135,0.707106781,-0.707106781,4,W,292.5,-0.923879533,0.382683432,19,0,0
-1.9,10.9,0,1.8,4.2,78,72,1020.8,1019.2,3,8,5.5,7.2,4,S,202.5,-0.382683432,-0.923879533,50,ESE,135,0.707106781,-0.707106781,0,SSW,225,-0.707106781,-0.707106781,26,0,1
4.8,14.1,4,1.6,8.3,67,48,1018.2,1017.6,5,1,8.9,13.6,0,S,202.5,-0.382683432,-0.923879533,48,S,202.5,-0.382683432,-0.923879533,30,SSE,180,1.22515E-16,-1,22,1,0
-0.6,11.1,0,3,5,89,78,1018.4,1015.9,7,7,3.8,5.7,1.2,NNW,360,-2.4503E-16,1,41,SE,157.5,0.382683432,-0.923879533,7,N,22.5,0.382683432,0.923879533,26,0,1
3.1,12.5,1.2,1.4,7.2,69,62,1019.8,1019.1,6,2,7.6,11.3,0,N,22.5,0.382683432,0.923879533,43,WNW,315,-0.707106781,0.707106781,6,N,22.5,0.382683432,0.923879533,30,1,0
-2.9,9.6,0,1.8,7.3,76,70,1022.4,1019,1,6,5.6,8.1,0.4,NW,337.5,-0.382683432,0.923879533,43,N,22.5,0.382683432,0.923879533,6,NW,337.5,-0.382683432,0.923879533,24,0,0
-3.5,7.6,0.4,2.4,4.7,92,68,1014.8,1012.6,8,6,3.3,5.1,0.4,NW,337.5,-0.382683432,0.923879533,50,NW,337.5,-0.382683432,0.923879533,30,NW,337.5,-0.382683432,0.923879533,24,0,0
-0.3,9.3,0.4,1.4,9.9,72,60,1017.4,1016.6,1,1,4.7,8.3,0,N,22.5,0.382683432,0.923879533,39,NNW,360,-2.4503E-16,1,9,N,22.5,0.382683432,0.923879533,30,0,0
0.1,10.4,0,1.8,7.9,69,63,1021.3,1020.1,1,6,7,8.6,0,WNW,315,-0.707106781,0.707106781,59,NW,337.5,-0.382683432,0.923879533,22,WNW,315,-0.707106781,0.707106781,24,0,0
2.3,12.2,0,2.8,9.8,58,41,1024.2,1022.4,1,1,6.5,10.4,0,WNW,315,-0.707106781,0.707106781,44,WNW,315,-0.707106781,0.707106781,20,NW,337.5,-0.382683432,0.923879533,30,0,0
2.1,10.7,0,3.4,9.4,59,45,1022.2,1018.2,1,1,6.2,9.5,0,NW,337.5,-0.382683432,0.923879533,59,NNW,360,-2.4503E-16,1,28,WNW,315,-0.707106781,0.707106781,39,0,0
4.6,14.7,0,4.4,8.4,54,51,1014.7,1012.4,1,3,9.2,12,0,WNW,315,-0.707106781,0.707106781,52,WNW,315,-0.707106781,0.707106781,28,NW,337.5,-0.382683432,0.923879533,33,0,0
3.7,14.2,0,3,10,52,27,1012.7,1011.8,1,1,8.7,13.5,0,NNW,360,-2.4503E-16,1,46,WNW,315,-0.707106781,0.707106781,24,WSW,270,-1,-1.83772E-16,28,0,0
-1.3,11.6,0,4,10.4,59,35,1023.3,1022,0,1,4.5,10.8,0,N,22.5,0.382683432,0.923879533,30,ESE,135,0.707106781,-0.707106781,9,NNW,360,-2.4503E-16,1,17,0,0
-3.4,12.5,0,3,6.8,89,30,1025.2,1021.8,6,7,1.4,11.2,0,SSE,180,1.22515E-16,-1,48,NNW,360,-2.4503E-16,1,7,WNW,315,-0.707106781,0.707106781,30,0,0
-5.3,13.1,0,2.2,7.9,94,47,1029.6,1025.6,6,6,0.1,12.2,0,NW,337.5,-0.382683432,0.923879533,33,N,22.5,0.382683432,0.923879533,4,NNW,360,-2.4503E-16,1,20,0,0
0,14,0,2.4,4.7,60,36,1027.3,1024.4,7,7,7.9,12.4,0,WNW,315,-0.707106781,0.707106781,39,NNW,360,-2.4503E-16,1,13,WNW,315,-0.707106781,0.707106781,24,0,0
2.4,14.1,0,3,1.8,50,27,1021.4,1017.8,8,8,8.6,13.2,0,NW,337.5,-0.382683432,0.923879533,46,NNW,360,-2.4503E-16,1,15,NW,337.5,-0.382683432,0.923879533,30,0,0
-0.6,12.2,0,2.6,7,66,44,1018.5,1016.8,8,5,6.9,10.7,0,S,202.5,-0.382683432,-0.923879533,59,S,202.5,-0.382683432,-0.923879533,15,S,202.5,-0.382683432,-0.923879533,26,0,0
2.3,11.6,0,5.4,9.5,49,38,1025.9,1025.5,1,1,6.7,11.1,0,S,202.5,-0.382683432,-0.923879533,54,SSW,225,-0.707106781,-0.707106781,30,ESE,135,0.707106781,-0.707106781,17,0,0
-3.7,14.4,0,2.6,10.4,64,28,1031,1028,0,0,5.2,14,0,NNW,360,-2.4503E-16,1,22,N,22.5,0.382683432,0.923879533,2,NNW,360,-2.4503E-16,1,11,0,0
-0.9,14.2,0,2.6,7.8,82,34,1030.2,1024.4,7,6,5.3,12.8,0,WNW,315,-0.707106781,0.707106781,31,SSW,225,-0.707106781,-0.707106781,7,N,22.5,0.382683432,0.923879533,19,0,0
-1.5,17.3,0,2.8,9,77,23,1023.9,1020.3,5,7,4.8,15.8,0,NW,337.5,-0.382683432,0.923879533,48,SSW,225,-0.707106781,-0.707106781,0,WNW,315,-0.707106781,0.707106781,26,0,0
-3.3,15.1,0,3,7.9,57,23,1027.7,1025.5,1,1,7.9,14.4,0,SSW,225,-0.707106781,-0.707106781,30,SSE,180,1.22515E-16,-1,9,SE,157.5,0.382683432,-0.923879533,13,0,0
-0.1,14.7,0,3.4,9.9,60,43,1029.9,1025.9,1,5,7.2,12.3,0,ENE,90,1,6.12574E-17,30,SE,157.5,0.382683432,-0.923879533,6,NE,67.5,0.923879533,0.382683432,15,0,0
-0.2,16.2,0,3.4,5.9,74,45,1027.6,1022.9,7,6,7.3,14.6,0,E,112.5,0.923879533,-0.382683432,28,SE,157.5,0.382683432,-0.923879533,0,ENE,90,1,6.12574E-17,20,0,0
0.5,16.3,0,1.8,4.1,81,45,1023.7,1017.5,7,8,6.2,15.4,4,NNW,360,-2.4503E-16,1,39,SSW,225,-0.707106781,-0.707106781,4,WSW,270,-1,-1.83772E-16,6,0,1
6.1,17.2,4,2.2,2.4,89,85,1011.2,1010.4,7,7,13.5,12.6,7.4,NW,337.5,-0.382683432,0.923879533,59,NW,337.5,-0.382683432,0.923879533,24,WNW,315,-0.707106781,0.707106781,15,1,1
4.1,14.8,7.4,2.6,10.8,60,34,1023.2,1021.7,1,1,8.8,14.3,0,NW,337.5,-0.382683432,0.923879533,46,NW,337.5,-0.382683432,0.923879533,20,W,292.5,-0.923879533,0.382683432,28,1,0
0.1,16.7,0,3.8,10.2,69,44,1027,1024.8,1,4,9,14.9,0,WNW,315,-0.707106781,0.707106781,28,ESE,135,0.707106781,-0.707106781,2,NNE,45,0.707106781,0.707106781,13,0,0
3.2,12.1,0,2.8,3.9,69,51,1033.6,1033.2,7,5,9.3,11.1,0.2,ESE,135,0.707106781,-0.707106781,41,SE,157.5,0.382683432,-0.923879533,17,SE,157.5,0.382683432,-0.923879533,20,0,0
5.4,11.3,0.2,2.2,0.6,65,61,1035.7,1031.9,7,7,8.3,10.2,0,ENE,90,1,6.12574E-17,35,SE,157.5,0.382683432,-0.923879533,11,ESE,135,0.707106781,-0.707106781,17,0,0
5.8,12.4,0,1.6,0,79,73,1027.3,1023.5,8,8,8.7,10.8,0,SE,157.5,0.382683432,-0.923879533,26,SSE,180,1.22515E-16,-1,13,ESE,135,0.707106781,-0.707106781,13,0,0
6.3,16.1,0,1.8,2.9,63,33,1019.7,1016.2,7,7,10,15.7,0,S,202.5,-0.382683432,-0.923879533,35,S,202.5,-0.382683432,-0.923879533,19,S,202.5,-0.382683432,-0.923879533,24,0,0
-0.9,16.7,0,2.8,8.6,84,33,1018.1,1013.9,7,7,6.4,15.5,1,NW,337.5,-0.382683432,0.923879533,35,WNW,315,-0.707106781,0.707106781,7,NW,337.5,-0.382683432,0.923879533,22,0,0
0.2,15.5,1,2.4,9.4,79,37,1020.6,1018.2,1,1,7.2,15.3,0,SE,157.5,0.382683432,-0.923879533,31,WNW,315,-0.707106781,0.707106781,0,WNW,315,-0.707106781,0.707106781,11,0,0
-3.7,14.7,0,3.4,10.9,53,25,1025.8,1020.9,0,0,5.5,13.4,0,SSE,180,1.22515E-16,-1,43,SE,157.5,0.382683432,-0.923879533,9,N,22.5,0.382683432,0.923879533,22,0,0
-2.7,15.2,0,4,9.7,62,35,1022.8,1017.9,1,2,6.3,14.9,0,N,22.5,0.382683432,0.923879533,30,SW,247.5,-0.923879533,-0.382683432,6,WNW,315,-0.707106781,0.707106781,20,0,0
-2.5,16.6,0,3,9.9,68,20,1018.8,1013.9,1,1,6,16.3,0,NW,337.5,-0.382683432,0.923879533,31,NE,67.5,0.923879533,0.382683432,4,N,22.5,0.382683432,0.923879533,20,0,0
-0.5,21.6,0,5,9.9,44,27,1014.6,1010.9,7,5,11.9,21.5,0,NW,337.5,-0.382683432,0.923879533,48,NNE,45,0.707106781,0.707106781,9,NW,337.5,-0.382683432,0.923879533,26,0,0
9,25.5,0,5.6,10.2,47,31,1015.3,1011.4,3,1,17.5,25.1,9.8,NW,337.5,-0.382683432,0.923879533,50,N,22.5,0.382683432,0.923879533,20,NW,337.5,-0.382683432,0.923879533,26,0,1
13.1,19.4,9.8,8.8,6,71,43,1007.3,1006,7,1,16.7,18.2,1.6,NNW,360,-2.4503E-16,1,67,N,22.5,0.382683432,0.923879533,39,NW,337.5,-0.382683432,0.923879533,30,1,1
8.7,19.7,1.6,5.2,8,63,33,1009.1,1001.5,3,6,15.6,18.5,3.4,NW,337.5,-0.382683432,0.923879533,98,NW,337.5,-0.382683432,0.923879533,31,NNW,360,-2.4503E-16,1,52,1,1
3.9,13.2,3.4,6.6,11,53,33,1017,1017.6,3,1,7.1,12.2,0,WNW,315,-0.707106781,0.707106781,65,WNW,315,-0.707106781,0.707106781,26,WNW,315,-0.707106781,0.707106781,31,1,0
0.7,14.1,0,5.6,9,69,43,1026.7,1022.1,7,1,7.4,13.7,0,ENE,90,1,6.12574E-17,20,SSW,225,-0.707106781,-0.707106781,6,NNW,360,-2.4503E-16,1,7,0,0
1.1,18,0,1.6,8.6,82,36,1021,1015.6,4,1,7,17.8,0,NNW,360,-2.4503E-16,1,39,NNW,360,-2.4503E-16,1,2,NNW,360,-2.4503E-16,1,28,0,0
5.1,23.3,0,3.6,10.3,54,30,1016.4,1011.7,1,1,16.4,22.4,0,NW,337.5,-0.382683432,0.923879533,44,N,22.5,0.382683432,0.923879533,9,NW,337.5,-0.382683432,0.923879533,28,0,0
7.5,23.3,0,6.8,10.9,46,15,1012.5,1010.9,1,0,18.3,21.3,0,WNW,315,-0.707106781,0.707106781,65,N,22.5,0.382683432,0.923879533,15,NW,337.5,-0.382683432,0.923879533,41,0,0
4.7,19.5,0,10,11,42,25,1018.7,1015.1,1,0,14.5,18.3,0,NNW,360,-2.4503E-16,1,46,NNE,45,0.707106781,0.707106781,13,NNW,360,-2.4503E-16,1,33,0,0
3.2,21.9,0,6.8,5.2,51,50,1012.1,1006.5,1,8,15.9,21,17.4,NW,337.5,-0.382683432,0.923879533,80,SSE,180,1.22515E-16,-1,2,NW,337.5,-0.382683432,0.923879533,20,0,1
7.8,16.2,17.4,6.4,7.9,73,44,1016.7,1017.8,7,1,8,14.3,0,NW,337.5,-0.382683432,0.923879533,50,NW,337.5,-0.382683432,0.923879533,15,N,22.5,0.382683432,0.923879533,22,1,0
2.4,17.3,0,2.2,11.3,67,33,1030.5,1027.7,1,1,10.7,16.5,0,E,112.5,0.923879533,-0.382683432,31,SSE,180,1.22515E-16,-1,4,SW,247.5,-0.923879533,-0.382683432,6,0,0
3.2,18.7,0,2.6,11.1,70,32,1032.2,1026.9,1,1,11,18.1,0,N,22.5,0.382683432,0.923879533,31,E,112.5,0.923879533,-0.382683432,4,NNW,360,-2.4503E-16,1,13,0,0
2.5,20.9,0,3.6,10.6,48,35,1025.4,1020.6,2,6,15.4,20,0,NNW,360,-2.4503E-16,1,44,NW,337.5,-0.382683432,0.923879533,20,WNW,315,-0.707106781,0.707106781,26,0,0
6.5,25.7,0,4.8,10.5,62,25,1022.8,1016.4,5,1,15.9,24.7,0,NNW,360,-2.4503E-16,1,50,NNW,360,-2.4503E-16,1,2,NW,337.5,-0.382683432,0.923879533,24,0,0
14.4,24.3,0,9.4,11.1,36,25,1010.5,1009.9,1,1,20.4,23,0,WNW,315,-0.707106781,0.707106781,52,NW,337.5,-0.382683432,0.923879533,31,NW,337.5,-0.382683432,0.923879533,30,0,0
4.9,18.9,0,9.6,9.4,41,32,1015.2,1013.9,2,7,14.9,16,0,NW,337.5,-0.382683432,0.923879533,44,S,202.5,-0.382683432,-0.923879533,6,NW,337.5,-0.382683432,0.923879533,22,0,0
2.3,16.8,0,4.8,11.4,52,34,1019.8,1017,2,1,9.8,16.3,0,N,22.5,0.382683432,0.923879533,41,NNW,360,-2.4503E-16,1,6,NNW,360,-2.4503E-16,1,28,0,0
1.4,20.6,0,5.4,11.1,56,16,1020.8,1015.4,5,1,11.3,19.5,0,N,22.5,0.382683432,0.923879533,46,SW,247.5,-0.923879533,-0.382683432,6,N,22.5,0.382683432,0.923879533,30,0,0
5.6,27.6,0,5.2,11,44,21,1017.7,1014.1,0,0,19,26.7,0,NW,337.5,-0.382683432,0.923879533,46,NNW,360,-2.4503E-16,1,15,NW,337.5,-0.382683432,0.923879533,28,0,0
16.8,28.9,0,10,10.8,44,22,1016.3,1011.8,1,1,22.5,28.4,7.6,NNW,360,-2.4503E-16,1,70,NW,337.5,-0.382683432,0.923879533,31,NW,337.5,-0.382683432,0.923879533,41,0,1
14.4,20.7,7.6,9.4,4.9,94,65,1015.5,1013.2,8,4,14.5,19.3,3,NNW,360,-2.4503E-16,1,33,NNW,360,-2.4503E-16,1,20,NNW,360,-2.4503E-16,1,19,1,1
10.3,21.3,3,4.2,6.7,79,46,1018.1,1013.6,8,1,11.7,19.8,0,NNW,360,-2.4503E-16,1,43,ENE,90,1,6.12574E-17,7,N,22.5,0.382683432,0.923879533,19,1,0
11.2,18,0,4.8,8.4,65,40,1009.5,1005.3,5,4,12.8,16.2,8.2,W,292.5,-0.923879533,0.382683432,65,N,22.5,0.382683432,0.923879533,24,W,292.5,-0.923879533,0.382683432,33,0,1
0.3,16,8.2,5.4,11.8,68,45,1016.8,1013.3,1,1,6.9,14.6,0,NW,337.5,-0.382683432,0.923879533,57,NNW,360,-2.4503E-16,1,11,N,22.5,0.382683432,0.923879533,28,1,0
0.5,17.9,0,5.8,11.5,72,33,1019.1,1017.5,0,1,7.2,16.6,0,N,22.5,0.382683432,0.923879533,44,NNE,45,0.707106781,0.707106781,2,NNW,360,-2.4503E-16,1,26,0,0
0.5,20,0,6.2,11.5,69,22,1026.2,1024.2,0,1,8.1,18.8,0,NNW,360,-2.4503E-16,1,31,S,202.5,-0.382683432,-0.923879533,2,N,22.5,0.382683432,0.923879533,9,0,0
4.6,22,0,4.4,11,82,25,1028.8,1024.9,1,2,10,21.4,0,N,22.5,0.382683432,0.923879533,41,NNW,360,-2.4503E-16,1,6,N,22.5,0.382683432,0.923879533,19,0,0
8.2,22.4,0,5.4,11.2,70,30,1027.8,1023.8,1,3,13.6,20.6,0,NW,337.5,-0.382683432,0.923879533,31,SSW,225,-0.707106781,-0.707106781,2,NW,337.5,-0.382683432,0.923879533,17,0,0
4.5,23.9,0,4.8,11.7,67,27,1025.8,1021.5,0,4,12.6,22.3,0,NW,337.5,-0.382683432,0.923879533,30,ENE,90,1,6.12574E-17,4,NNW,360,-2.4503E-16,1,11,0,0
6.7,26.1,0,6.2,7.5,56,47,1020.9,1016,4,7,16.3,23.2,13.2,SSW,225,-0.707106781,-0.707106781,70,NE,67.5,0.923879533,0.382683432,6,NNW,360,-2.4503E-16,1,33,0,1
11.9,21.1,13.2,6.6,7.9,82,61,1019.2,1016.7,7,3,14.5,19.4,0.6,NW,337.5,-0.382683432,0.923879533,41,NNE,45,0.707106781,0.707106781,7,N,22.5,0.382683432,0.923879533,24,1,0
9.2,19.6,0.6,3.4,10.4,71,42,1022.3,1019.7,7,4,11.6,18.4,0,ENE,90,1,6.12574E-17,31,SSE,180,1.22515E-16,-1,4,NNW,360,-2.4503E-16,1,7,0,0
4.4,21,0,4.2,12.2,73,30,1025.7,1022.3,1,1,9.6,19.2,0,NW,337.5,-0.382683432,0.923879533,28,SW,247.5,-0.923879533,-0.382683432,2,NW,337.5,-0.382683432,0.923879533,9,0,0
5,24.1,0,6.2,12,73,34,1024.5,1020.7,6,1,11.6,21.9,0,NNW,360,-2.4503E-16,1,52,SW,247.5,-0.923879533,-0.382683432,0,NNW,360,-2.4503E-16,1,26,0,0
6.7,24.7,0,5.4,8.6,80,31,1025.7,1022.2,1,7,12.7,23.7,0,NW,337.5,-0.382683432,0.923879533,43,N,22.5,0.382683432,0.923879533,4,NW,337.5,-0.382683432,0.923879533,20,0,0
8.3,28.5,0,5.8,9.8,66,30,1024.1,1019.8,1,6,16.8,27.4,0.2,NW,337.5,-0.382683432,0.923879533,46,W,292.5,-0.923879533,0.382683432,2,NW,337.5,-0.382683432,0.923879533,26,0,0
11.3,27.4,0.2,7.6,12.1,60,20,1021.4,1017.5,1,1,16.4,26.3,0,NW,337.5,-0.382683432,0.923879533,52,SE,157.5,0.382683432,-0.923879533,6,NW,337.5,-0.382683432,0.923879533,31,0,0
9,20.6,0,9,6.2,54,28,1022.3,1018.6,7,5,11.4,18.5,0.8,ENE,90,1,6.12574E-17,39,S,202.5,-0.382683432,-0.923879533,11,SW,247.5,-0.923879533,-0.382683432,11,0,0
3.4,15,0.8,4.8,11.7,43,24,1023.4,1023.1,1,5,8.3,14.3,0,S,202.5,-0.382683432,-0.923879533,70,S,202.5,-0.382683432,-0.923879533,35,S,202.5,-0.382683432,-0.923879533,37,0,0
3.2,18,0,7.4,12.2,47,25,1026.6,1022.8,1,2,9.1,16.3,0,SSE,180,1.22515E-16,-1,48,SSE,180,1.22515E-16,-1,26,S,202.5,-0.382683432,-0.923879533,15,0,0
0.9,20.7,0,5.4,8.4,71,29,1023.2,1018.4,3,8,9.4,19.1,0,NNW,360,-2.4503E-16,1,39,SSE,180,1.22515E-16,-1,2,N,22.5,0.382683432,0.923879533,17,0,0
3.3,25.5,0,5.2,10.8,57,16,1018.8,1014.6,0,3,12,24.8,0,N,22.5,0.382683432,0.923879533,43,N,22.5,0.382683432,0.923879533,4,NNW,360,-2.4503E-16,1,19,0,0
7.9,26.1,0,6.8,3.5,45,20,1017.6,1014.2,5,8,16.3,25.9,0,NNW,360,-2.4503E-16,1,43,W,292.5,-0.923879533,0.382683432,0,WNW,315,-0.707106781,0.707106781,19,0,0
9,30.7,0,7.6,12.1,38,15,1016.1,1010.8,1,3,20.4,30,0,NNW,360,-2.4503E-16,1,76,SSE,180,1.22515E-16,-1,7,NW,337.5,-0.382683432,0.923879533,50,0,0
7.1,28.4,0,11.6,12.7,45,22,1020,1016.9,0,1,17.2,28.2,0,N,22.5,0.382683432,0.923879533,48,NNW,360,-2.4503E-16,1,2,NNW,360,-2.4503E-16,1,19,0,0
12.5,19.9,0,8.4,5.3,63,47,1024,1022.8,3,2,14.5,18.3,0,ESE,135,0.707106781,-0.707106781,43,ENE,90,1,6.12574E-17,11,ENE,90,1,6.12574E-17,9,0,0
12.5,26.9,0,5,7.1,69,39,1021,1016.2,6,7,15.8,25.9,0,NW,337.5,-0.382683432,0.923879533,46,SSW,225,-0.707106781,-0.707106781,6,WNW,315,-0.707106781,0.707106781,28,0,0
12.3,30.2,0,6,12.6,43,13,1009.6,1009.2,1,1,23.8,28.6,0,NW,337.5,-0.382683432,0.923879533,78,NW,337.5,-0.382683432,0.923879533,31,WNW,315,-0.707106781,0.707106781,35,0,0
