Name,Company,Rating,Skills,Salary,Location,Exp,Job_Description,Reviews,Date,Page_count
Interior Designer on freelance commission base Amritsar,Not Available,Not Available,"Interior Architecture, Interior Designing, Modular Kitchen, Architectural Design, 3Ds Max, Base, Architecture, 3D Studio Max",479772.0,Remote,3-8 Yrs,hiring for Freelance Interior Designers for Amritsar . design partner program is our te...,Not Available,2025-06-05,1
Interior Designer on freelance commission base punjab,Not Available,Not Available,"Interior Architecture, Interior Designing, Modular Kitchen, Interior Decoration, 3Ds Max, Architecture, Interiors, 3D",479772.0,"Hybrid - Jalandhar, Ludhiana, Amritsar",7-12 Yrs,hiring for Freelance Interior Designers for Punjab . design partner program is our team...,Not Available,2025-06-05,1
Junior Interior designer,Not Available,Not Available,"Sketchup, AutoCAD, Lumion, Working Drawings, AutoCAD 3D, Sketchup Pro, 3Ds Max, Interior Designing",187500.0,"Nadiad, Anand(Anand Sojitra Road +2), Vadodara",0-2 Yrs,AOM Interior is seeking a creative and detail-oriented Interior Designer to join our dy...,Not Available,2025-06-05,1
Interior Designer on freelance commission base Gurugram,Not Available,Not Available,"Architectural Design, Interior Designing, Modular Kitchen, 3Ds Max, Freelancing, Design, Architecture, 3D Studio Max",479772.0,Remote,4-9 Yrs,hiring for Freelance Interior Designers for Gurugramdesign partner program is our team ...,Not Available,2025-06-05,1
Interior Designer on freelance commission base Haryana,Not Available,Not Available,"Interior Architecture, Interior Designing, Modular Kitchen, 3Ds Max, Compensation, Design, Architecture, 3D Studio Max",479772.0,"Hybrid - Panipat, Faridabad, Gurugram",4-9 Yrs,hiring for Freelance Interior Designers for Haryana . design partner program is our tea...,Not Available,2025-06-05,1
Interior Designer on freelance commission base Jaipur,Not Available,Not Available,"Modular Kitchen, Interior Designing, Interior Architecture, Interior Decoration, Architectural Design, 3Ds Max, Freelancing, Design",479772.0,Remote,4-8 Yrs,hiring for Freelance Interior Designers for Jaipur . design partner program is our team...,Not Available,2025-06-05,1
Interior Designer on freelance commission base Rajasthan,Not Available,Not Available,"Interior Architecture, Interior Designing, Interiors, Architectural Design, 3Ds Max, Design, Compensation, Architecture",479772.0,"Hybrid - Udaipur, Jaipur, Jodhpur",4-9 Yrs,hiring for Freelance Interior Designers for Rajasthan . design partner program is our t...,Not Available,2025-06-05,1
Wordpress Developer & Designer,Apeejay Stya Group,3.4,"Wordpress, Ui/Ux, Wordpress CMS, CSS, Google Analytics, Website Management, Wed Designer, Seo Strategies",1050000.0,"Noida, New Delhi, Gurugram(Sector 32 Gurgaon)",6-10 Yrs,". Bachelors degree in Web Design, Visual Communication, or related field. . Certificati...",122  Reviews,2025-06-05,1
Interior Designer on freelance commission base Ahmedabad,Not Available,Not Available,"Interior Architecture, Interior Designing, Interiors, Architectural Design, 3Ds Max, Architecture, Base, Design",479772.0,Remote,4-9 Yrs,hiring for Freelance Interior Designers for Ahmedabad design partner program is our tea...,Not Available,2025-06-05,1
Interior Designer on freelance commission base Gujarat,Not Available,Not Available,"Interior Architecture, Interior Designing, Interiors, Architectural Design, 3Ds Max, Freelancing, Design, Architecture",479772.0,"Hybrid - Ahmedabad, Surat, Vadodara",4-9 Yrs,hiring for Freelance Interior Designers for Gujarat . design partner program is our tea...,Not Available,2025-06-05,1
Interior Designer on freelance commission base pune,Not Available,Not Available,"Interior Architecture, Interior Designing, Interiors, Architectural Design, 3Ds Max, 3D Studio Max, Design, Freelancing",479772.0,Remote,4-9 Yrs,hiring for Freelance Interior Designers for Pune design partner program is our team of ...,Not Available,2025-06-05,1
Interior Designer on freelance commission base pune,Not Available,Not Available,"Interior Designing, Interior Architecture, Interiors, Architectural Design, 3Ds Max, Freelancing, Design, Architecture",479772.0,"Hybrid - Nagpur, Nashik, Pune",5-10 Yrs,hiring for Freelance Interior Designers for Pune . design partner program is our team o...,Not Available,2025-06-05,1
Design Head ( Womenswear ) @ Bangalore.,Not Available,Not Available,"Design, Product Development, Design Development, Design Manager, Design Management, Management, Womens wear, Development",479772.0,Bengaluru,18-24 Yrs,Looking for DESIGN Head for a premium WOVEN Apparel Manufacturing Company @ Bangalore E...,Not Available,2025-06-05,1
Interior Designer on freelance commission base mumbai,Not Available,Not Available,"Interior Designing, Interior Architecture, Interiors, Architectural Design, 3Ds Max, 3D Studio Max, Design, Freelancing",479772.0,"Hybrid - Thane, Navi Mumbai, Mumbai (All Areas)",5-10 Yrs,hiring for Freelance Interior Designers for mumbai . design partner program is our team...,Not Available,2025-06-05,1
Interior Designer on freelance commission base Jammu and Kashmir,Not Available,Not Available,"Interior Designing, Interior Architecture, Interiors, Architectural Design, 3Ds Max, Freelancing, Design, Architecture",479772.0,"Hybrid - Srinagar, Anantnag, Jammu",5-10 Yrs,hiring for Freelance Interior Designers . design partner program is our team of freelan...,Not Available,2025-06-05,1
Interior Designer,Not Available,Not Available,"Communication Skills, End To End Implementation, Site Execution, Interior Designing, Creativity, Project Execution, Interior Architecture, Management Skills",375000.0,Pune(Hinjewadi),2-6 Yrs,Responsibilities:Collaborate with clients & stakeholders on concept development & execu...,Not Available,2025-06-05,1
Architectural/Interior Designer,Not Available,Not Available,"Working Drawings, Sketchup, Communication Skills, Management Skills, Autodesk 3ds Max, 3ds Max, Architecture, Interiors",479772.0,Lucknow(Sarojini Nagar),1-3 Yrs,We are seeking a creative and technically skilled Architect/Interior Designer to join o...,Not Available,2025-06-05,1
2D Game Artist,Not Available,Not Available,"2D game, UI, Icons, Character Designing, Ui/Ux, Cocos Creator, Unity, VFX",1600000.0,Noida,5-8 Yrs,We’re looking for a skilled 2D Game Artist who can design stunning UI/UX screens and in...,Not Available,2025-06-05,1
Interior Architect,Not Available,Not Available,"Client Management, Project Estimation, Mep Design, Project Planning, Interior Designing, Planning, Design, Architecture",650000.0,Bengaluru(Raja Rajeshwari Nagar),2-7 Yrs,"Were looking for a talented Interior Designer with experience in designing, space plann...",Not Available,2025-06-05,1
3D Visual Designer,Not Available,Not Available,"3D Modeling, 3D, Rendering, VRAY, Autodesk 3ds Max, Interior Designing, 3D Model, Design",650000.0,Bengaluru,2-6 Yrs,Proficiency in 3D modeling and rendering softwarePreferred Candidate Profile: . degree ...,Not Available,2025-06-05,2
Video Editor,Not Available,Not Available,"Adobe Premiere Pro, Premiere PRO, Editing, Adobe Premiere, Video, Adobe, Video editing",200000.0,Raipur,1-5 Yrs,"* Video editing for Social Media Platforms, * Attention to detail and creativity, * Exp...",Not Available,2025-06-05,2
Video Editor,Innofied Solution,4.2,"Video Editing, Adobe Premiere Pro, Premiere Pro, Canva, Youtube, Adobe After Effects, Adobe Premiere, Video",112500.0,Kolkata,0-2 Yrs,Available full time to work from office - Flexible working hours Experience: 0 - 2 yrs ...,76  Reviews,2025-06-05,2
Junior Architect,Aarsh Design Studio,4.0,"Sketchup, AutoCAD, Working Drawings, Architectural Design, Commercial Buildings, Hotel Projects, Residential, Detailing",300000.0,Nagpur,1-2 Yrs,Excellent communication and collaboration skills. Ability to work on-site in Nagpur. Ba...,4  Reviews,2025-06-05,2
Junior Architect,Not Available,Not Available,"Architectural Design, Building Design, Working Drawings, 2D Drawing, Design Architecture, 3D Drawing, Elevations, Architecting And Designing",250000.0,Coimbatore(Thudiyalur ),1-2 Yrs,"Qualification: B arch/ BE civil 2D 3D model drawing, site layout design & elevations Ab...",Not Available,2025-06-05,2
Sr/Design Engr,Not Available,Not Available,"Solid Works, NACE, ASME, AutoCAD, ASTM, EN, ISO etc., ANSI",479772.0,Palakkad,3-8 Yrs,4+ B.Tech.Mech/Elec candidates in designing from a reputed control Valve Mfg organisati...,Not Available,2025-06-05,2
Project Architect,Not Available,Not Available,"Sketchup, AutoCAD 2D, Lumion, REVIT Architecture, VRAY, Project Architecture, 2D, Architecture",287500.0,Chennai(Kolathur),3-5 Yrs,Roles and ResponsibilitiesDesign and develop architectural projects from conceptualizat...,Not Available,2025-06-05,2
Fire Fighting Draftsman / BIM Modeler,Sibca Electronics,3.6,"REVIT MEP, AutoCAD, Fire Fighting, Fire Protection, Draftsman Activities, Fire Protection System, BIM Modeller, Fire Detection",479772.0,"Hybrid - Chennai, Bengaluru, Thiruvananthapuram",2-6 Yrs,"Combine details from sketches, drawings, and blueprints to make required calculationsPr...",34  Reviews,2025-06-05,2
Revit Modeller,Not Available,Not Available,"Bim Modeler, Bim, REVIT, AutoCAD, Modeling, Modeler",479772.0,"Hybrid - Nashik, Pune, Ahmednagar",3-8 Yrs,Compensation: Salary depends on the experience and is negotiable. .,Not Available,2025-06-05,2
Interior Architect,Not Available,Not Available,"Working Drawings, Design Presentations, 3D Modeling, Moodboarding, Technical Drawings, Design Documentation, Interior Architecture, Storytelling Through Design",350000.0,Hybrid - Hyderabad,1-2 Yrs,Coordinate with visualization and BOQ teams to align execution with vision. 3D Modellin...,Not Available,2025-06-05,2
Interior Designer on freelance commission base bangalore,Not Available,Not Available,"Interior Designing, Interior Architecture, Interior Decorator, Architectural Design, Interiors, Architecture, Base, Design",479772.0,Remote,5-10 Yrs,hiring for Freelance Interior Designers for Pune . design partner program is our team o...,Not Available,2025-06-04,2
Graphic Designer (1 Year contractual job only),Not Available,Not Available,"Graphic Designer, Motion Graphics, Video Editor, 3D Animation, Graphic Designing, Senior Graphic Designer, Video Editing, Adobe Premiere",1250000.0,Bengaluru,8-13 Yrs,Develop motion graphics and animations using tools like Adobe After Effects to enhance ...,Not Available,2025-06-04,2
UI/UX Designer,Not Available,Not Available,"Figma, Adobe Xd, Invision, Wireframing, Illustrator, Usability Testing, Social Media, Canva",300000.0,Gurugram,0-2 Yrs,"Responsibilities:Design responsive web/mobile interfacesCreate wireframes, prototypes, ...",Not Available,2025-06-04,2
Jewellery Designer,Rathod Jewellery Manufacturing Pvt Ltd.,4.7,"jewelry design, Corel Draw, Corel, Jewellery, Design, Draw, Jewelry",500000.0,"Kolhapur, Jaipur",2-7 Yrs,Develop innovative jewelry designs based on client requirements and market trends. Crea...,2  Reviews,2025-06-04,2
CAD Designer,Rathod Jewellery Manufacturing Pvt Ltd.,4.7,"Matrix, Rhino, Fresher, CAD, Design, CAD drawing",450000.0,"Kolhapur, Jaipur",0-5 Yrs,Responsible for creating accurate and high-quality 2D and 3D jewelry designs using indu...,2  Reviews,2025-06-04,2
Urgent Hiring Architect,Not Available,Not Available,"Architecture, RERA Knowledge, SketchUp, Auto Cadd, MS Office, Photoshop, Auto, Microsoft",600000.0,"Noida, Ghaziabad, Greater Noida",5-7 Yrs,"*Should have worked on Commercial projects, PEB structures *Thorough knowledge of Arc, ...",Not Available,2025-06-04,2
Architect & Sr. Architect,VTP Realty,3.7,"Architecture, Sketchup, High Rise Building, Residential, REVIT Architecture, Working Drawings, High Rise, Architectural Design",1000000.0,Pune(Viman Nagar),6-11 Yrs,Education : Bachelors or Masters in Architecture a strong portfolio is a must licensed ...,285  Reviews,2025-06-04,2
Inside Sales Executive,SLIDO,4.4,"Inside Sales, Communication Skills, Crm Software, Sales, CRM, Software",325000.0,Hyderabad(Madhapur +1),2-5 Yrs,Proficiency of working with CRM systems will be an advantagePreferred candidate profile...,12  Reviews,2025-06-04,2
Business Development Manager,SLIDO,4.4,"Field Sales, B2B Sales, CRM, Field, B2B, Development, Management, Sales",362500.0,Hyderabad(Madhapur +1),2-7 Yrs,Maintain regular updates on the sales pipeline in the CRM and provide any additional re...,12  Reviews,2025-06-04,2
3D visualiser,Not Available,Not Available,"Sketchup, Rendering, VRAY, Photoshop, Autodesk 3ds Max, Visualiser, 3ds Max, 3D Studio Max",350000.0,Mumbai(Borivali East),2-4 Yrs,"The ideal candidate should have a strong eye for design and composition, and be capable...",Not Available,2025-06-04,2
Illustrator / 2D animator,Prashant Advait Foundation,2.2,"Illustrator, Animated Content, Animation, Adobe Animate, Illustrator & Photoshop, Cartooning, 2D animation, Photoshop",1000000.0,Hybrid - Greater Noida(Knowledge park),3-8 Yrs,Were looking for a passionate Illustrator and 2D Animation Artist who can conceptualize...,8  Reviews,2025-06-04,3
Architect & Interior Designer || Lucknow,Not Available,Not Available,"Architect Interior Designer, architect, AutoCAD 3D, REVIT, AutoCAD 2D, 3Ds Max, structural autocad, Structural Draughtsman",350000.0,Lucknow,2-6 Yrs,"Bachelors degree in Architecture, Engineering",Not Available,2025-06-04,3
Project Coordinator Team Lead,Not Available,Not Available,"Project Coordination, Communication Skills, Project Monitoring, Coordination, Project Tracking, Follow Ups, Project Scheduling, Scheduling",575000.0,"Noida, Mumbai(Mumbai Central), Jaipur",2-7 Yrs,(apply only interior field)snehadaradehr@gmail.com Descr- communicate with subcontracto...,Not Available,2025-06-04,3
Autocad Designer,Not Available,Not Available,"AutoCAD, Quote Preparation, Quote Management, AutoCAD Drawing, Autocad Drafting, Excel, Draft, Drawing",252000.0,Navi Mumbai,2-4 Yrs,Should be able to cater to Aluminium Windows and related products.Generate accurate dim...,Not Available,2025-06-04,3
Graphic Designer,Zoetic Ayurvedics,2.7,"Packaging Design, Graphic Designing, Printing And Packaging, Artwork, Logo Design, Brochure Design, Logo, Brochures",479772.0,Ahmedabad,2-5 Yrs,We are seeking a creative and detail-oriented Graphic Designer to join our design team....,20  Reviews,2025-06-04,3
Graphic Designer,Not Available,Not Available,"Visual Storytelling, Graphic Designing, Illustrator, Canva, Photoshop, Adobe Creative Suite, Adobe, Design",450000.0,Mumbai,3-5 Yrs,Experience: 3+ years in graphic design and branding,Not Available,2025-06-04,3
3D Max Designer,Not Available,Not Available,"3Ds Max, RENDERING, Lighting, 3D MODELING, Texturing, 3D Studio Max, Design, 3D",550000.0,Hyderabad(Madhapur),4-5 Yrs,Proven experience in 3D modelling and animation using 3Ds MAXPreferred candidate profile,Not Available,2025-06-04,3
Graphic Designer,Sayba Group,2.6,"Graphics, Graphic Designing, Corel Draw, Photoshop, Indesign, Design, Draw, Corel",500000.0,Mumbai(Kurla East),2-5 Yrs,Conceptualization and Design:Develop visual concepts to effectively communicate ideas ...,3  Reviews,2025-06-04,3
Graphic Designer,Style Plus,4.0,"Photoshop, Illustrator, Corel Draw, Design, Graphic designing, Corel, Draw, Graphics",162500.0,Thiruvananthapuram,1-2 Yrs,Excellent communication skills and the ability to collaborate with team members. Profic...,4  Reviews,2025-06-04,3
Graphic Designer,Not Available,Not Available,"Graphic Designing, graphic designer, Graphics, Design",275000.0,Kanpur,2-3 Yrs,"Should have good knowledge of Photo shop, Coral Draw & Illustrator",Not Available,2025-06-04,3
Senior Interior Designer (Workspace design),AD Square Projects India,4.0,"Corporate Interiors, Sketchup, AutoCAD, AutoCAD 3D, Interiors, AutoCAD 2D, 3Ds Max, 2D Design",375000.0,Pune(Viman Nagar),Not Available,Must have experience into corporate fit-outs,7  Reviews,2025-06-04,3
Video Editor,Not Available,Not Available,"Video Editing, Aftereffects, Illustrator, Videography, Premiere Pro, Davinci Resolve, Photoshop, Davinci",225000.0,"Pune, Belgaum",1-3 Yrs,Creating & editing videos as per Client brief & requirement that are aesthetically plea...,Not Available,2025-06-04,3
Senior Interior Designer,Jaypee Infratech,3.8,"Interior Designing, 3D Max, SketchUp, AutoCAD, Interiors, Design, Senior, 3D",479772.0,Noida(Noida-Greater Noida Expressway),10-12 Yrs,Bachelors or masters degree in interior design or a related fieldProficiency in design ...,83  Reviews,2025-06-04,3
Architect,Sugee Developers,3.7,"Architectural Design, Sketchup, CAD Drawing, REVIT Architecture, Concept Development, Concepts, Architecture, REVIT",479772.0,"Mumbai Suburban, Thane, Navi Mumbai",7-12 Yrs,Minimum 7+years of experience and delivering responsibilities of Architectural role in ...,47  Reviews,2025-06-04,3
Graphic Designer,PSK Building Solutions,4.7,"Illustrator, Graphic Designing, Photoshop, Adobe Creative Suite, Indesign, Design Principles, Motion Graphics, Corel Draw",500000.0,Hyderabad(HITEC City),3-5 Yrs,Qualification: Any GraduateExperience: 3 to 5 years,3  Reviews,2025-06-04,3
Architectural Draughtsman,Not Available,Not Available,"SketchUp, Interior Detailing, AutoCAD, Architectural Drafting, Working Drawings, Rhino, enscape, Lumion",212500.0,Kolkata(Bhawanipore),Not Available,Diploma / Certification in Architectural Drafting or related field Proficient in AutoCA...,Not Available,2025-06-04,3
Graphic Designer,Dental Avenue Ind,3.8,"Video Editing, Indesign, Motion Graphics, Illustrator, Photoshop, Posters, Adobe Premiere Pro, Canva",275000.0,Gurugram,2-3 Yrs,"Bachelors degree in Graphic Design, Visual Communication, or a related field2+ years of...",18  Reviews,2025-06-04,3
Interior Designer,Interio Mart,1.8,"Sketchup, enscape, AutoCAD, Interior Designing, Design, Interiors",425000.0,Bengaluru(Banaswadi +4),3-5 Yrs,"The role involves to create functional, safe, and aesthetically pleasing spaces for cli...",2  Reviews,2025-06-04,3
Horticulturist,Garden of Joy,2.8,"Horticulture, People Handling, Project Management, Landscaping, Customer Management, Management, Handling, Project",400000.0,Hybrid - Bangalore/Bengaluru,1-6 Yrs,Handle maintenance vertical Scheduling of maintenance clients Close AMC contracts Overs...,2  Reviews,2025-06-04,3
Interior Designer,Not Available,Not Available,"Tally, AutoCAD, Interior Designing, Interiors, Design",450000.0,Bengaluru,1-6 Yrs,Work with interior design team to develop design solutions Research concepts and materi...,Not Available,2025-06-04,3
Cost Estimation Engineer (Corporate interior fit-outs),AD Square Projects India,4.0,"Estimation Engineering, Rate Analysis, Cost Estimation, Tender Analysis, Tender Estimation, Boq Preparation, Contractual Tendering, Tender Documentation",475000.0,Pune(Viman Nagar),2-6 Yrs,"You will maintain all the documents for total compliance related to design, contractors...",7  Reviews,2025-06-04,4
Graphic Designer,Not Available,Not Available,"Banners, Photoshop, Graphics, Ui/Ux, Image Editing, Photo Editing, Editing, Graphic designing",479772.0,Kolkata,0-1 Yrs,We are looking for a fresher/mid-level Graphic Designer to join our team. As a Graphic ...,Not Available,2025-06-04,4
Graphic Designer || Min 1 Year Experience || Hyderabad,Not Available,Not Available,"Graphic Designing, Ui/Ux, Aftereffects, Adobe Premiere, Illustrator, Photoshop, Indesign, Design",250000.0,Hyderabad(Khajaguda),1-3 Yrs,"Experience with video editing and motion graphics (Adobe Premiere Pro, After Effects) a...",Not Available,2025-06-04,4
Graphic Designer / Ranchi,Jharkhand Rai University,3.7,"Video Editing, Motion Graphics, Graphic Designing, Illustrator Packaging, Visual Effects, Adobe Premiere, Adobe After Effects, 3D Animation",479772.0,Ranchi,0-2 Yrs,"Job Description:Knowledge of Graphic Design Principles, Layout, Typography, Colour Sche...",28  Reviews,2025-06-04,4
Civil Draftsman,Not Available,Not Available,"Drafting, English, Draftsman Activities, Tamil, Civil, Draft",390000.0,Chennai(Sholinganallur),6-9 Yrs,Responsibilities:* Prepare construction drawings using CAD software* Collaborate with p...,Not Available,2025-06-04,4
Interior Designer,NoBroker,3.2,"Sketchup, AutoCAD, VRAY, Design, Interior designing, Interiors",425000.0,"Pune, Mumbai (All Areas)",1-6 Yrs,Candidate should have an exceptional designer skills with strong conceptual skillsCandi...,2133  Reviews,2025-06-04,4
Senior Graphic Designer - 4+ Years - Mumbai/Gurgaon (Hybrid),Not Available,Not Available,"Adobe Illustrator, Adobe Photoshop, Sr. Graphic Designer, Graphic Design Jobs, Motion Graphics, Video Content Creation, Leadership in Design, Start-up Jobs",479772.0,"Hybrid - Gurugram, Mumbai (All Areas)",5-10 Yrs,Requirements: . Bachelors degree or diploma in Graphic Design or a related disciplineSt...,Not Available,2025-06-04,4
Graphic Designer - pune,Not Available,Not Available,"Digital Agency, Adobe After Effects, Graphic Designing, Photoshop, abode creative suite, Social Media, Digital Media, Graphics",479772.0,Pune,3-7 Yrs,3yr exp industry working on the agency side /in-house for a highly commercial brand. Ad...,Not Available,2025-06-04,4
Gear Design - Manager,Not Available,Not Available,"Design, Industrial Gear Box, Gear Manufacturing, Industrial, Manufacturing, Box, Gear Design, Gears",1140000.0,Pune,8-13 Yrs,Responsibilities:* Lead gear design projects from concept to production* Collaborate wi...,Not Available,2025-06-04,4
Urgent Hiring For Big4 Consultancy -Conversational AI Designer,Not Available,Not Available,"Conversational AI, Node.Js, Dialogflow, Python, Chatbot Designer, Consultancy, Chatbot, Hiring",479772.0,Hyderabad,3-8 Yrs,Experience:3y+ .,Not Available,2025-06-04,4
Visual Designer - 5 + years - Bangalore/Pune,Not Available,Not Available,"Visual Design, Typography, Illustration, User Interface Designing, Interaction Design, Illustrate Design, Visualiser, Illustrator",479772.0,"Pune, Bengaluru",4-9 Yrs,Requirements: . Bachelors degree in Visual Communications or a related field in Graphic...,Not Available,2025-06-04,4
UI/UX Designer - 5+ years - Bangalore/Pune,Not Available,Not Available,"Ui/Ux, User Experience Design, Figma, Ux Design, Prototype, Adobe Xd, Sketching, Typography",479772.0,"Pune, Bengaluru",5-8 Yrs,"Requirements: . Bachelors or Masters degree in Graphic Design, Interaction Design, HCI,...",Not Available,2025-06-04,4
"Graphic Visualizer & Designer, Digital Ad Agency @ Tardeo, Mumbai.",iMz Media Solutions,4.5,"Ui/Ux, Video Editing, User Experience Design, Figma, Graphic Designing, Banner Designing, Design Conceptualization, Canvas Apps",475000.0,Mumbai(Nariman Point +55),2-5 Yrs,"A degree in Graphic Design, Visual Arts, or a related field (preferred but not required...",27  Reviews,2025-06-04,4
Interior Designer & Architects,Not Available,Not Available,"AutoCAD, REVIT Architecture, Interior Decoration, Design Architecture, Interior Designing, Sketchup, Interior Architecture, Architectural Design",425000.0,Hyderabad,3-5 Yrs,"Design and develop layouts, select materials, create mood boards, and collaborate with ...",Not Available,2025-06-04,4
Graphic Design Associate,91 Springboard Business Hub,4.5,"Canva, Graphic Design, Brochure Design, design processes, Digital Marketing Design, Graphics, Brochures, Process",479772.0,Mumbai,2-3 Yrs,"Designation: Graphic Design AssociateOffice Location: BKC, MumbaiYears of experience: 2...",12  Reviews,2025-06-04,4
Hiring ! Urgently Hiring || Design Engineer -Pipes & Fittings @ Rajkot,Epp Composites,3.4,"Piping Design Engineer, Piping Design, Pipe fitting Design, Piping Engineering, AutoCAD, Design Engineering, AutoCAD 3D, Piping Layout",479772.0,Rajkot,3-8 Yrs,"Roles & ResponsibilitiesDesign and develop pipes, fittings, reducers, tees,  and relate...",127  Reviews,2025-06-04,4
Sales Head,Saraswatii Global,3.6,"Architecture, Home Textiles, Textile, Sales",479772.0,"Jaipur, Delhi / NCR, Mumbai (All Areas)(Andheri West)",10-20 Yrs,"Minimum Experience 08+ Year. Industry Carpet / Rug, Textile, Soft Goods, Handicraft etc...",44  Reviews,2025-06-04,4
Trainee InDesign,Perfect Digital Media Resources,4.1,"Adobe Acrobat, Indesign, Illustrator, Adobe, Training",479772.0,Chennai(Kilpauk),0-2 Yrs,Good communication and teamwork skills,27  Reviews,2025-06-04,4
Interior Designer,DesignCafe,2.8,"Sketchup, AutoCAD, Communication Skills, Presentation Skills, Teamwork, Modular, Management Skills, Interior Designing",362500.0,Ahmedabad,2-4 Yrs,Diploma or bachelors degree in Interior Design or a related field. Proven experience as...,4  Reviews,2025-06-04,4
Graphic Designer,Not Available,Not Available,"Creative Designing, Graphic Designing, Adobe Creative Suite, Image Editing & Retouching, Branding & Visual Identity, Typography and Layout Skills, Print Advertisement Design, Catalog/Brochure Design",479772.0,Mumbai,1-5 Yrs,"Graphic Designer About Staffing Global In the ever-evolving global business landscape, ...",Not Available,2025-06-04,4
